traj_side_20_x,traj_side_40_x,traj_side_60_x,traj_side_20_y,traj_side_40_y,traj_side_60_y,traj_dir_20_x,traj_dir_40_x,traj_dir_60_x,traj_dir_20_y,traj_dir_40_y,traj_dir_60_y,loc_pos_feet_right_x,loc_pos_feet_right_z,loc_pos_feet_right_y,loc_pos_feet_left_x,loc_pos_feet_left_z,loc_pos_feet_left_y,loc_vel_feet_right_x,loc_vel_feet_right_z,loc_vel_feet_right_y,loc_vel_feet_left_x,loc_vel_feet_left_z,loc_vel_feet_left_y,loc_vel_pelvis_x,loc_vel_pelvis_z,loc_vel_pelvis_y
0.0,0.0,0.0,0.0,0.0,0.0,0.0,0.0,0.0,0.0,0.0,0.0,0.0,0.0,0.0,0.0,0.0,0.0,0.0,0.0,0.0,0.0,0.0,0.0,0.0,0.0,0.0
0.0,0.0,0.0,0.0,0.0,0.0,0.0,0.0,0.0,1.0,1.0,1.0,0.0,0.0,0.0,0.0,0.0,0.0,0.0,0.0,0.0,0.0,0.0,0.0,0.0,0.0,0.0
0.880439,2.908126,3.951329,2.803366,5.27371,6.216213,0.020032,0.003543,-0.003451,0.999799,0.999994,0.999994,-7.50741,-44.285057,5.010561,4.460983,-41.486744,-1.124263,-0.015472,-0.097823,0.155691,0.134607,0.22557,0.088135,-0.090307,-0.03204,0.243196
0.454849,1.076256,1.43573,6.551505,11.545857,13.208179,0.004414,0.001582,-0.005148,0.99999,0.999999,0.999987,-7.987926,-13.466873,9.05089,6.604728,-11.543419,-3.819978,-0.081109,0.05894,0.256019,0.125596,0.103921,-0.001755,-0.058212,0.10054,0.396738
0.267716,0.604706,0.834676,7.440674,12.998168,14.890359,0.000586,-0.000949,-0.006549,1.0,1.0,0.999979,-8.058664,1.688026,12.592164,7.317792,2.70768,-6.019406,-0.060516,0.067871,0.226217,0.104597,0.110663,-0.025151,-0.044368,0.107569,0.445246
0.66919,0.957912,1.063924,7.253958,12.528612,14.271991,-0.010652,-0.007731,-0.007051,0.999943,0.99997,0.999975,-7.715754,8.85218,15.18277,7.730882,9.912678,-6.303189,0.032095,0.160437,0.104818,0.130173,0.120102,0.160037,-0.015239,0.092453,0.425366
0.88814,1.258805,1.339598,6.865574,11.968929,13.654059,-0.018221,-0.011755,-0.006861,0.999834,0.999931,0.999976,-7.291399,12.708946,16.486729,7.852506,14.044327,-5.383431,0.07177,0.201983,0.057366,0.127631,0.14441,0.208491,-0.006815,0.06904,0.399195
1.198637,1.578386,1.674316,6.579052,11.409119,12.916222,-0.014825,-0.014472,-0.007161,0.99989,0.999895,0.999974,-7.048882,14.361481,17.224031,8.328901,16.345222,-4.679943,0.093597,0.180227,0.008988,0.133775,0.138183,0.451336,0.003239,0.025656,0.381435
1.2387,1.642412,1.733574,6.239577,11.045613,12.528257,-0.014481,-0.01558,-0.007566,0.999895,0.999879,0.999971,-6.862991,15.403259,17.319075,8.670102,18.002831,-4.09328,0.106973,0.172614,-0.00128,0.101879,0.145222,0.494889,-0.000041,-0.001512,0.360869
1.217847,1.589902,1.661287,5.969319,10.713846,12.178288,-0.014434,-0.016061,-0.008,0.999896,0.999871,0.999968,-6.786189,16.099686,17.238075,8.92064,19.139267,-3.716732,0.114769,0.16573,-0.013099,0.074033,0.151245,0.506752,-0.003019,-0.017101,0.345476
1.018216,1.28454,1.350266,5.9655,10.49823,11.854209,-0.004698,-0.013891,-0.008877,0.999989,0.999904,0.999961,-6.855361,16.164871,16.649231,9.459814,19.521706,-3.851603,0.078959,0.109843,-0.033626,0.024887,0.137356,0.662602,-0.024739,-0.029324,0.350167
0.904088,1.113065,1.16045,5.912143,10.510773,11.897053,-0.004472,-0.014489,-0.009735,0.99999,0.999895,0.999953,-6.929016,16.299477,16.159525,9.771362,19.944374,-4.043606,0.079919,0.105516,-0.036218,0.008116,0.14723,0.67626,-0.031825,-0.033042,0.347507
0.822867,0.986468,1.019141,5.862936,10.48912,11.889347,-0.004675,-0.01514,-0.010557,0.999989,0.999885,0.999944,-7.000722,8.121552,15.79457,9.953341,11.971107,-4.284354,0.080094,0.10365,-0.037403,-0.002051,0.153469,0.679577,-0.036686,-0.034549,0.345626
0.669843,1.042931,1.125099,5.240278,9.261865,10.512574,0.00201,-0.013028,-0.011171,0.999998,0.999915,0.999938,-7.061206,12.62027,14.193175,10.637917,16.371979,-4.613081,0.015804,0.067064,-0.063331,-0.028608,0.138637,0.680581,-0.036671,-0.001193,0.312744
0.721844,1.146008,1.246052,5.207554,9.271126,10.562099,-0.00184,-0.015336,-0.011546,0.999998,0.999882,0.999933,-6.866789,14.542145,13.320333,10.927431,18.34066,-4.850531,0.022707,0.069682,-0.071358,-0.006035,0.149145,0.679964,-0.02753,0.017536,0.307715
0.706768,1.14334,1.240183,5.131389,9.169353,10.464456,-0.002384,-0.015889,-0.011844,0.999997,0.999874,0.99993,-6.68094,15.698944,12.720675,11.152911,19.596542,-5.002714,0.018574,0.068607,-0.068331,-0.010583,0.158238,0.678624,-0.027063,0.027343,0.304542
0.674952,1.104511,1.196526,5.068152,9.076747,10.371055,-0.002529,-0.01618,-0.012106,0.999997,0.999869,0.999927,-6.536309,16.406754,12.315196,11.325813,20.414032,-5.092985,0.015943,0.067783,-0.067999,-0.015832,0.163568,0.676411,-0.028086,0.032659,0.302088
0.470143,0.985519,1.062157,5.251449,8.93229,10.057391,0.00112,-0.015582,-0.012531,0.999999,0.999879,0.999922,-6.455973,16.887245,11.098524,11.723351,20.93277,-5.624024,-0.013262,0.044098,-0.107492,-0.025067,0.171678,0.706026,-0.037752,0.054163,0.315719
0.370569,0.865331,0.938868,5.250726,8.943712,10.090153,0.001136,-0.015766,-0.01302,0.999999,0.999876,0.999915,-6.305286,17.308228,10.169933,11.99901,21.428795,-6.000041,-0.013783,0.048853,-0.109578,-0.028052,0.187727,0.703342,-0.040517,0.068706,0.317129
0.298636,0.768611,0.838168,5.250681,8.947736,10.104377,0.001079,-0.016005,-0.013538,0.999999,0.999872,0.999908,-6.174734,17.639351,9.488885,12.189549,21.831352,-6.289191,-0.014237,0.052964,-0.112048,-0.031895,0.195911,0.702021,-0.043308,0.075892,0.318797
0.239121,0.682694,0.747961,5.252784,8.951273,10.11391,0.001069,-0.016249,-0.014076,0.999999,0.999868,0.999901,-6.078891,17.894478,8.986606,12.322564,22.141838,-6.517608,-0.014487,0.056038,-0.114432,-0.035699,0.200202,0.700943,-0.045966,0.079862,0.320334
0.188326,0.606387,0.667411,5.256748,8.955694,10.122205,0.001048,-0.016513,-0.014627,0.999999,0.999864,0.999893,-6.013628,18.091179,8.606163,12.417236,22.374748,-6.70401,-0.014585,0.058458,-0.116563,-0.038886,0.202417,0.699799,-0.048346,0.082299,0.321713
0.017373,-0.000392,-0.736148,13.654622,44.551792,97.988403,0.001014,-0.01679,-0.015187,0.999999,0.999859,0.999885,-5.972312,9.91124,8.30974,12.487597,14.214027,-6.86112,-0.014628,0.060429,-0.11833,-0.041298,0.203535,0.698689,-0.050423,0.083825,0.32302
-0.256719,-0.213827,-1.040859,16.348904,51.497242,110.593552,0.008644,-0.012288,-0.015957,0.999963,0.999924,0.999873,-5.497382,14.216072,6.68313,12.648599,18.741325,-7.183636,-0.028602,0.058079,-0.149943,0.00575,0.262061,0.838231,-0.057606,0.135529,0.406637
-0.2062,-0.170633,-1.017285,17.31167,53.493847,113.362434,0.008969,-0.012939,-0.016709,0.99996,0.999916,0.99986,-4.856319,16.056129,5.845636,12.628637,20.501488,-7.589178,-0.015173,0.051506,-0.136704,0.041885,0.28405,0.934162,-0.045694,0.157407,0.44981
-0.194693,-0.149498,-1.028549,17.675798,54.187794,114.208237,0.009854,-0.013353,-0.017533,0.999951,0.999911,0.999846,-4.387993,17.158707,5.276766,12.628582,21.666092,-7.875316,-0.014679,0.052404,-0.129566,0.047461,0.295006,0.980279,-0.043302,0.167365,0.468427
-0.202085,-0.169729,-1.090575,17.811087,54.434998,114.498978,0.010196,-0.013882,-0.018404,0.999948,0.999904,0.999831,-4.082538,17.826286,4.894015,12.646441,22.432617,-8.06043,-0.015025,0.053667,-0.126215,0.048734,0.300141,0.999093,-0.042314,0.172651,0.475531
-0.218392,-0.210348,-1.177994,17.859053,54.515724,114.593216,0.010189,-0.014506,-0.019298,0.999948,0.999895,0.999814,-3.892435,18.23571,4.63573,12.670151,22.933113,-8.178899,-0.015446,0.054911,-0.124657,0.048532,0.302457,1.006102,-0.042038,0.175444,0.478194
-0.237824,-0.259247,-1.276075,17.871862,54.530144,114.609802,0.009998,-0.015184,-0.020202,0.99995,0.999885,0.999796,-3.776812,18.490639,4.460394,12.691867,23.258064,-8.255888,-0.015752,0.055996,-0.123912,0.047765,0.303148,1.008089,-0.042089,0.176875,0.479074
-0.257566,-0.31036,-1.377326,17.871042,54.519257,114.596474,0.009718,-0.015887,-0.021107,0.999953,0.999874,0.999777,-3.707455,18.651794,4.341454,12.708267,23.467934,-8.307155,-0.015913,0.056896,-0.123548,0.046843,0.302974,1.008038,-0.04227,0.177549,0.479265
-0.310469,-0.332993,-1.464871,18.38567,55.573036,115.780159,0.013761,-0.015123,-0.022199,0.999905,0.999886,0.999754,-3.689753,18.745178,3.084095,12.851652,23.700508,-8.41328,-0.00686,0.059137,-0.13692,0.022341,0.334053,1.104308,-0.036867,0.227916,0.493757
-0.29153,-0.322666,-1.508577,18.544058,55.88401,116.155151,0.013105,-0.016411,-0.023342,0.999914,0.999865,0.999728,-3.592709,18.865944,2.205865,12.940628,23.967598,-8.484256,-0.00523,0.064689,-0.135164,0.024446,0.344892,1.131835,-0.031913,0.245252,0.50091
-0.28759,-0.341453,-1.58694,18.57445,55.948399,116.237877,0.012345,-0.017592,-0.024491,0.999924,0.999845,0.9997,-3.513039,10.631645,1.632457,12.99829,15.855293,-8.503357,-0.005304,0.067842,-0.134734,0.025416,0.347246,1.139074,-0.029751,0.251176,0.501876
-0.356086,-0.565746,-1.897168,18.325436,55.640312,115.879898,0.005356,-0.020501,-0.025115,0.999986,0.99979,0.999685,-3.073496,14.555923,1.379651,13.207845,20.01622,-8.262871,0.009446,0.059869,-0.159911,0.082253,0.342804,1.095841,-0.028985,0.229613,0.482442
-0.327209,-0.589021,-1.969267,18.1511,55.312336,115.505577,0.003775,-0.021278,-0.025525,0.999993,0.999774,0.999674,-2.798166,15.975288,1.681616,13.28998,21.42614,-8.249737,0.018277,0.053667,-0.1698,0.107355,0.357268,1.08076,-0.024009,0.221647,0.4701
-0.331433,-0.597871,-2.002661,18.099354,55.239586,115.423096,0.003469,-0.02176,-0.025902,0.999994,0.999763,0.999664,-2.636027,16.755478,1.884235,13.360615,22.286674,-8.234446,0.017419,0.052915,-0.171074,0.111034,0.357347,1.079154,-0.024254,0.218436,0.467507
-0.334975,-0.605262,-2.031777,18.086979,55.231068,115.413834,0.003231,-0.022229,-0.026265,0.999995,0.999753,0.999655,-2.53322,17.192657,2.00221,13.418296,22.829033,-8.207705,0.017061,0.052502,-0.171152,0.112813,0.356134,1.081659,-0.024138,0.217357,0.466745
-0.336939,-0.611393,-2.058232,18.082537,55.232193,115.415062,0.002986,-0.022677,-0.026616,0.999996,0.999743,0.999646,-2.465723,17.438507,2.07138,13.463734,23.172531,-8.177244,0.017033,0.052116,-0.171162,0.114271,0.354852,1.08406,-0.023886,0.216697,0.46635
-0.337949,-0.61748,-2.083772,18.076681,55.227139,115.408714,0.002729,-0.023097,-0.026955,0.999996,0.999733,0.999637,-2.420909,17.574402,2.116102,13.498687,23.387604,-8.147886,0.017149,0.051752,-0.17121,0.115623,0.353449,1.085573,-0.02359,0.216003,0.465874
-0.33853,-0.623998,-2.109026,18.068058,55.214428,115.393204,0.002478,-0.023484,-0.027282,0.999997,0.999724,0.999628,-2.391398,17.645554,2.151051,13.52494,23.518509,-8.121453,0.017339,0.051404,-0.171313,0.116896,0.351961,1.086248,-0.023294,0.215199,0.465272
-0.403842,-0.693726,-2.233608,18.382023,56.065437,116.36953,0.007716,-0.0225,-0.02771,0.99997,0.999747,0.999616,-2.590057,17.837326,1.205223,13.703221,23.986298,-8.007467,0.024763,0.045832,-0.153523,0.077749,0.363775,1.155518,-0.020694,0.248215,0.47113
-0.400239,-0.672291,-2.227921,18.518259,56.326061,116.670319,0.007568,-0.023389,-0.028184,0.999971,0.999726,0.999603,-2.669995,17.983276,0.540226,13.796369,24.398056,-7.832139,0.025642,0.047384,-0.15459,0.075528,0.367267,1.183097,-0.018462,0.258662,0.477168
-0.389864,-0.650522,-2.225227,18.560385,56.410469,116.768166,0.007172,-0.024138,-0.028669,0.999974,0.999709,0.999589,-2.7092,9.754951,0.095085,13.8525,16.36982,-7.65506,0.025449,0.048346,-0.15474,0.075869,0.365651,1.19365,-0.017085,0.261835,0.478641
-0.450694,-0.832826,-2.438484,18.389366,56.205784,116.558197,0.004717,-0.024753,-0.029076,0.999989,0.999694,0.999577,-2.197716,13.476257,-0.027636,14.094734,20.664452,-7.192849,0.035689,0.020199,-0.187845,0.132161,0.280449,1.204157,-0.024532,0.241564,0.467187
-0.370384,-0.788199,-2.438555,18.206816,55.779312,116.046967,0.005393,-0.024517,-0.0294,0.999985,0.999699,0.999568,-1.98483,14.7145,0.406154,14.188321,22.015678,-6.982618,0.041209,0.006245,-0.188411,0.147579,0.28544,1.178654,-0.018615,0.22738,0.452494
-0.374429,-0.785315,-2.451697,18.124929,55.655254,115.904976,0.005382,-0.024674,-0.029715,0.999986,0.999695,0.999558,-1.899116,15.420479,0.685302,14.249276,22.796745,-6.854681,0.040007,0.006132,-0.188524,0.15117,0.277927,1.169323,-0.019449,0.219426,0.448301
-0.387243,-0.800548,-2.484761,18.089638,55.604183,115.844734,0.00515,-0.024976,-0.030022,0.999987,0.999688,0.999549,-1.866558,15.841148,0.838692,14.290729,23.273232,-6.756715,0.039135,0.006148,-0.187413,0.15312,0.271383,1.165339,-0.020124,0.215344,0.446372
-0.398554,-0.816389,-2.518361,18.065674,55.566914,115.799507,0.004848,-0.025318,-0.030322,0.999988,0.999679,0.99954,-1.859489,16.097267,0.917291,14.320413,23.570305,-6.679727,0.038582,0.006,-0.18652,0.154501,0.266288,1.162298,-0.020566,0.212629,0.444979
-0.406164,-0.828852,-2.548134,18.041887,55.526001,115.749809,0.004532,-0.025661,-0.030613,0.99999,0.999671,0.999531,-1.866418,16.253944,0.955447,14.342454,23.754829,-6.619397,0.03819,0.005783,-0.185811,0.155579,0.262142,1.159118,-0.020776,0.21042,0.443536
-0.410493,-0.83792,-2.573956,18.015753,55.478283,115.692215,0.004227,-0.025988,-0.030895,0.999991,0.999662,0.999523,-1.882122,16.348412,0.97395,14.359232,23.865768,-6.572001,0.0379,0.005529,-0.185223,0.156459,0.258622,1.155591,-0.020812,0.208425,0.441933
-0.412408,-0.844495,-2.596757,17.987309,55.424698,115.627876,0.003942,-0.026296,-0.031169,0.999992,0.999654,0.999514,-1.903701,16.402885,0.984442,14.372137,23.92733,-6.534764,0.037679,0.005252,-0.184722,0.157198,0.255574,1.151767,-0.020729,0.206544,0.44019
-0.41267,-0.849604,-2.61774,17.95676,55.366234,115.557999,0.003669,-0.026587,-0.031433,0.999993,0.999647,0.999506,-1.928986,16.431252,0.992849,14.382129,23.954887,-6.506577,0.03751,0.004968,-0.184301,0.157834,0.252919,1.14767,-0.020569,0.204744,0.438329
-0.412003,-0.853984,-2.637619,17.924932,55.304771,115.484772,0.003413,-0.026861,-0.031687,0.999994,0.999639,0.999498,-1.956766,8.108948,1.002363,14.389775,15.625702,-6.485882,0.03738,0.004675,-0.183955,0.158383,0.250603,1.143414,-0.020372,0.203026,0.436402
-0.499421,-1.169424,-3.002872,17.643597,54.846474,114.998894,0.000718,-0.026148,-0.031912,1.0,0.999658,0.999491,-1.883213,11.869438,0.941712,14.379338,19.194534,-5.900688,0.030485,0.021519,-0.160371,0.14969,0.122367,1.152036,-0.021665,0.175746,0.421428
-0.256221,-0.921368,-2.801721,17.306673,54.177624,114.183006,0.005414,-0.02409,-0.032146,0.999985,0.99971,0.999483,-2.277849,13.110565,1.446206,14.436662,20.026764,-5.377012,0.024186,-0.024126,-0.105034,0.117153,0.089746,1.112295,-0.009843,0.158182,0.394642
-0.213953,-0.83537,-2.724112,17.087561,53.759045,113.696167,0.00599,-0.023835,-0.032417,0.999982,0.999716,0.999474,-2.687735,13.718323,1.988907,14.361196,20.362419,-5.043983,0.023133,-0.024358,-0.1035,0.120912,0.077436,1.078826,-0.008554,0.144432,0.382034
-0.220225,-0.844208,-2.755362,16.933859,53.459915,113.347328,0.006099,-0.02383,-0.032708,0.999981,0.999716,0.999465,-3.06606,14.009933,2.524846,14.216006,20.453514,-4.866975,0.02221,-0.024715,-0.101532,0.123515,0.073184,1.053258,-0.009309,0.135515,0.373059
-0.2459,-0.897693,-2.838834,16.807772,53.20768,113.05217,0.006049,-0.023915,-0.03301,0.999982,0.999714,0.999455,-3.411898,14.134033,3.055421,14.035839,20.414391,-4.813733,0.021599,-0.025142,-0.099556,0.124705,0.072746,1.031011,-0.010739,0.128875,0.36581
-0.281378,-0.975906,-2.95062,16.694145,52.977966,112.783691,0.0059,-0.024045,-0.033317,0.999983,0.999711,0.999445,-3.725258,14.166641,3.584228,13.837738,20.30394,-4.851435,0.021093,-0.025438,-0.097457,0.124951,0.074307,1.010488,-0.012429,0.123451,0.359417
-0.323445,-1.071201,-3.081463,16.587046,52.761162,112.531075,0.005673,-0.024199,-0.033626,0.999984,0.999707,0.999435,-4.00743,14.148872,4.111757,13.630608,20.154236,-4.95328,0.020614,-0.025519,-0.095197,0.124427,0.076927,0.990974,-0.014267,0.118762,0.353539
-0.369732,-1.178237,-3.22524,16.485283,52.555077,112.291611,0.005379,-0.02437,-0.033932,0.999985,0.999703,0.999424,-4.261469,14.103233,4.63552,13.418923,19.98391,-5.099972,0.020128,-0.025333,-0.092784,0.123185,0.080175,0.972231,-0.016163,0.114543,0.348083
-0.418103,-1.292809,-3.377006,16.388605,52.360382,112.0662,0.00503,-0.024553,-0.034235,0.999987,0.999699,0.999414,-4.48968,14.042282,5.149426,13.206612,19.804123,-5.276132,0.019652,-0.024871,-0.09032,0.121271,0.083631,0.954119,-0.018046,0.110703,0.343012
-0.46704,-1.411619,-3.532702,16.297066,52.177124,111.854797,0.004645,-0.024731,-0.03453,0.999989,0.999694,0.999404,-4.692308,5.63932,5.64581,12.998652,11.28875,-5.467627,0.019211,-0.024106,-0.087952,0.118732,0.086808,0.93653,-0.019866,0.107289,0.338353
-0.739531,-1.867729,-3.973069,15.954087,51.686234,111.371002,-0.011329,-0.032569,-0.034668,0.999936,0.999469,0.999399,-5.206784,9.330086,5.289399,12.107285,14.890671,-4.301811,0.025163,0.021605,-0.082972,0.002788,0.042148,0.921469,-0.027077,0.08978,0.308385
-0.925886,-2.370467,-4.580007,15.587822,50.967892,110.542877,-0.01546,-0.033359,-0.034679,0.99988,0.999443,0.999398,-5.786654,10.684776,5.732448,11.366681,16.062904,-3.718665,0.023575,0.019113,-0.08095,-0.024087,0.033436,0.802501,-0.032854,0.088252,0.287811
-1.068318,-2.664814,-4.924653,15.36928,50.510963,110.008675,-0.016588,-0.033467,-0.034688,0.999862,0.99944,0.999398,-6.256033,11.288231,6.213694,10.806547,16.516975,-3.340708,0.022788,0.022767,-0.082858,-0.041935,0.030353,0.765075,-0.039487,0.082669,0.275164
-1.167433,-2.862596,-5.153165,15.225981,50.212318,109.660065,-0.017129,-0.033498,-0.034706,0.999853,0.999439,0.999398,-6.618959,11.540337,6.644766,10.383214,16.653557,-3.091482,0.021592,0.026186,-0.084097,-0.05275,0.026221,0.743713,-0.044029,0.078809,0.266721
-1.235057,-2.999073,-5.311122,15.113801,49.983471,109.393532,-0.0175,-0.033527,-0.034731,0.999847,0.999438,0.999397,-6.895973,11.628319,7.009858,10.066268,16.64991,-2.931006,0.020499,0.028827,-0.084988,-0.058916,0.022508,0.727462,-0.047108,0.07579,0.260216
-1.28049,-3.093432,-5.421152,15.017223,49.79113,109.170235,-0.017802,-0.033561,-0.034761,0.999842,0.999437,0.999396,-7.107687,11.642159,7.313282,9.830899,16.588737,-2.831805,0.019598,0.030756,-0.085635,-0.062185,0.019426,0.71338,-0.049136,0.073307,0.254775
-1.309915,-3.157164,-5.496323,14.931269,49.623238,108.975945,-0.018058,-0.033597,-0.034792,0.999837,0.999435,0.999395,-7.2706,11.625145,7.564403,9.657446,16.509026,-2.773645,0.018894,0.032134,-0.086077,-0.063586,0.016954,0.700703,-0.050403,0.071237,0.250078
-1.327957,-3.19842,-5.545723,14.854874,49.476463,108.806557,-0.018281,-0.033633,-0.034822,0.999833,0.999434,0.999394,-7.396871,11.59774,7.772585,9.530024,16.428375,-2.74223,0.018376,0.033069,-0.086381,-0.063782,0.015046,0.689278,-0.051153,0.069486,0.246012
-1.33827,-3.224113,-5.577187,14.787751,49.349388,108.660301,-0.018485,-0.03367,-0.03485,0.999829,0.999433,0.999393,-7.495165,11.569176,7.945241,9.436409,16.354027,-2.728076,0.01801,0.033683,-0.086599,-0.063237,0.013625,0.67907,-0.051551,0.068003,0.242511
-1.343363,-3.238966,-5.596071,14.729459,49.240341,108.535065,-0.018669,-0.033705,-0.034876,0.999826,0.999432,0.999392,-7.572039,11.543282,8.088377,9.36763,16.288612,-2.72468,0.01776,0.034078,-0.086753,-0.062255,0.012572,0.670075,-0.051713,0.066751,0.239511
-1.152352,-2.96107,-5.277847,14.620379,49.161484,108.456726,-0.017577,-0.032518,-0.034901,0.999846,0.999471,0.999391,-7.516123,11.388092,8.029984,9.375376,16.417488,-2.196463,0.00586,0.026481,-0.056217,-0.101322,0.006184,0.684488,-0.039633,0.067203,0.238121
-1.098102,-2.834501,-5.126628,14.581952,49.082054,108.359352,-0.017475,-0.032517,-0.034939,0.999847,0.999471,0.999389,-7.535758,11.33194,8.012047,9.370216,16.461433,-1.77732,0.006355,0.027228,-0.056453,-0.093379,0.001353,0.683037,-0.037911,0.065165,0.236353
-1.068612,-2.76798,-5.048818,14.538682,48.998047,108.259621,-0.017473,-0.032505,-0.034979,0.999847,0.999471,0.999388,-7.579944,11.308372,8.027285,9.351697,16.456169,-1.475953,0.00646,0.027838,-0.056314,-0.087648,-0.001039,0.677869,-0.037328,0.0629,0.234378
-1.049549,-2.726965,-5.002047,14.497909,48.920216,108.168221,-0.017515,-0.032498,-0.03502,0.999847,0.999472,0.999387,-7.629313,11.295021,8.060078,9.327629,16.428764,-1.267483,0.006484,0.02825,-0.056136,-0.083732,-0.002526,0.671807,-0.036989,0.061049,0.232508
-1.03583,-2.698725,-4.970706,14.461884,48.85247,108.089233,-0.017577,-0.032498,-0.035058,0.999846,0.999472,0.999385,-7.675463,11.285011,8.099709,9.304372,16.394402,-1.127091,0.006495,0.028514,-0.055964,-0.080797,-0.003416,0.665833,-0.036714,0.059675,0.230857
-1.02526,-2.677894,-4.948225,14.430898,48.795074,108.022736,-0.017648,-0.032505,-0.035096,0.999844,0.999472,0.999384,-7.715169,11.276543,8.140169,9.284791,16.360619,-1.035003,0.006503,0.028682,-0.055805,-0.07844,-0.003902,0.660364,-0.036454,0.058679,0.229439
-1.016752,-2.661741,-4.931251,14.404517,48.746948,107.967247,-0.017723,-0.032517,-0.035131,0.999843,0.999471,0.999383,-7.74786,11.269249,8.178435,9.26954,16.330513,-0.976229,0.006511,0.028785,-0.055658,-0.07647,-0.004136,0.655539,-0.036199,0.057948,0.228231
-1.009664,-2.648727,-4.917911,14.382011,48.70649,107.920799,-0.017796,-0.032533,-0.035163,0.999842,0.999471,0.999382,-7.774102,11.263084,8.21325,9.258254,16.304939,-0.939979,0.006519,0.028848,-0.055523,-0.074775,-0.004217,0.651341,-0.035947,0.057399,0.227198
-1.003808,-2.638293,-4.907486,14.36285,48.672634,107.882126,-0.017869,-0.032551,-0.035194,0.99984,0.99947,0.99938,-7.794904,11.257927,8.243939,9.250227,16.283562,-0.918656,0.006521,0.02889,-0.055402,-0.073308,-0.004207,0.647717,-0.03571,0.056978,0.226311
-0.998907,-2.629811,-4.899245,14.346437,48.644073,107.849655,-0.017939,-0.03257,-0.035223,0.999839,0.999469,0.999379,-7.811307,11.25367,8.270546,9.244706,16.265785,-0.907051,0.006518,0.028919,-0.055291,-0.072025,-0.004142,0.644581,-0.035489,0.056648,0.225542
-0.994733,-2.622797,-4.89262,14.33221,48.619701,107.822044,-0.018007,-0.03259,-0.03525,0.999838,0.999469,0.999379,-7.824238,11.250191,8.293443,9.241045,16.250954,-0.901658,0.006513,0.028942,-0.05519,-0.070889,-0.004045,0.641842,-0.035281,0.056382,0.224868
-0.990866,-2.616334,-4.886538,14.31939,48.598022,107.797554,-0.01807,-0.032608,-0.035275,0.999837,0.999468,0.999378,-7.834459,11.247658,8.313611,9.238548,16.238686,-0.899963,0.006509,0.028966,-0.055077,-0.069821,-0.003918,0.639387,-0.035078,0.05615,0.224258
-0.987322,-2.610315,-4.880838,14.307899,48.578854,107.775955,-0.018127,-0.032625,-0.035299,0.999836,0.999468,0.999377,-7.842791,11.245834,8.33142,9.236853,16.228378,-0.90008,0.006503,0.028989,-0.054965,-0.068827,-0.003786,0.637189,-0.034889,0.055947,0.223707
-0.984033,-2.604795,-4.875642,14.297611,48.561901,107.756935,-0.018182,-0.032642,-0.035321,0.999835,0.999467,0.999376,-7.849616,11.244545,8.347083,9.23579,16.219551,-0.901197,0.006497,0.029013,-0.054858,-0.067898,-0.003649,0.635203,-0.034707,0.05577,0.223211
-0.980979,-2.599745,-4.870935,14.288359,48.546829,107.740067,-0.018236,-0.032659,-0.035342,0.999834,0.999467,0.999375,-7.855238,11.243645,8.360816,9.235241,16.21183,-0.902841,0.006491,0.029038,-0.054756,-0.06703,-0.003507,0.633392,-0.034532,0.055615,0.222762
-0.978144,-2.595129,-4.866673,14.279978,48.533314,107.724976,-0.018289,-0.032676,-0.035361,0.999833,0.999466,0.999375,-7.859901,11.24305,8.372849,9.2351,16.204964,-0.904733,0.006483,0.029065,-0.054659,-0.066219,-0.003363,0.631724,-0.034363,0.055481,0.222353
-0.975508,-2.590909,-4.862809,14.272321,48.521072,107.711349,-0.018341,-0.032692,-0.03538,0.999832,0.999465,0.999374,-7.863801,11.242668,8.383423,9.235283,16.198776,-0.906702,0.006476,0.029092,-0.054568,-0.065459,-0.003217,0.630175,-0.034201,0.055363,0.221976
-0.973055,-2.587042,-4.859304,14.265267,48.509888,107.698936,-0.018391,-0.032708,-0.035397,0.999831,0.999465,0.999373,-7.867096,11.242455,8.392748,9.235722,16.19313,-0.908653,0.006468,0.029121,-0.054482,-0.064746,-0.003071,0.628726,-0.034047,0.05526,0.221626
-0.970962,-2.583842,-4.856494,14.258981,48.500145,107.688194,-0.018442,-0.032724,-0.035413,0.99983,0.999464,0.999373,-7.869929,11.242271,8.400655,9.236323,16.187859,-0.910467,0.006455,0.029156,-0.054405,-0.064098,-0.002926,0.627397,-0.033908,0.055175,0.221309
-0.969201,-2.581251,-4.854325,14.253386,48.491653,107.678902,-0.018491,-0.03274,-0.035428,0.999829,0.999464,0.999372,-7.872386,11.242073,8.407193,9.237018,16.182899,-0.912078,0.006438,0.029195,-0.054335,-0.063512,-0.00278,0.626176,-0.033784,0.055106,0.22102
-0.96771,-2.579154,-4.852668,14.248359,48.484165,107.670746,-0.01854,-0.032756,-0.035442,0.999828,0.999463,0.999372,-7.874528,11.241859,8.412549,9.237758,16.178223,-0.913472,0.006419,0.029238,-0.05427,-0.06298,-0.002636,0.625049,-0.033672,0.05505,0.220755
-0.966085,-2.576754,-4.850639,14.243304,48.476433,107.662247,-0.018583,-0.03277,-0.035456,0.999827,0.999463,0.999371,-7.876415,11.241844,8.417643,9.238534,16.173988,-0.914696,0.006408,0.029272,-0.054199,-0.062456,-0.002494,0.623942,-0.033559,0.054993,0.220495
-0.964401,-2.574153,-4.848326,14.2383,48.468681,107.653694,-0.01862,-0.032781,-0.035468,0.999827,0.999463,0.999371,-7.878203,11.241951,8.422688,9.23936,16.170082,-0.915634,0.006402,0.029301,-0.054131,-0.061947,-0.002364,0.622866,-0.033449,0.054936,0.220241
-0.962698,-2.571517,-4.845947,14.233443,48.461121,107.645355,-0.018655,-0.032792,-0.03548,0.999826,0.999462,0.99937,-7.879864,11.242172,8.427657,9.240257,16.16642,-0.916409,0.006397,0.029329,-0.054066,-0.061451,-0.002238,0.621822,-0.03334,0.054882,0.219997
-0.961014,-2.568923,-4.843588,14.228769,48.453835,107.637314,-0.018689,-0.032802,-0.035491,0.999825,0.999462,0.99937,-7.881385,11.242485,8.432487,9.241233,16.162971,-0.917095,0.006392,0.029357,-0.054003,-0.060969,-0.002115,0.620813,-0.033232,0.054831,0.219763
-0.959365,-2.566402,-4.84129,14.224281,48.446838,107.629585,-0.018723,-0.032812,-0.035502,0.999825,0.999461,0.99937,-7.882767,11.242851,8.437136,9.242274,16.159691,-0.917738,0.006388,0.029383,-0.053943,-0.060504,-0.001993,0.619838,-0.033126,0.054785,0.219539
-0.957768,-2.563978,-4.839075,14.219974,48.440109,107.622169,-0.018755,-0.032822,-0.035512,0.999824,0.999461,0.999369,-7.884019,11.243263,8.44159,9.243373,16.156578,-0.918355,0.006384,0.02941,-0.053885,-0.060055,-0.001874,0.618896,-0.033024,0.054743,0.219325
-0.956227,-2.561652,-4.836946,14.215829,48.433651,107.615051,-0.018786,-0.032831,-0.035521,0.999824,0.999461,0.999369,-7.885155,11.243706,8.445847,9.244514,16.153618,-0.918962,0.006381,0.029435,-0.053828,-0.059624,-0.001757,0.617986,-0.032924,0.054704,0.219119
-0.954808,-2.559549,-4.83504,14.211948,48.42765,107.608459,-0.018817,-0.03284,-0.03553,0.999823,0.999461,0.999369,-7.886195,11.244133,8.449784,9.245665,16.15078,-0.919532,0.006375,0.029462,-0.053776,-0.059217,-0.001643,0.617121,-0.03283,0.054672,0.218924
-0.953511,-2.557658,-4.833349,14.208309,48.422081,107.602348,-0.018848,-0.032849,-0.035538,0.999822,0.99946,0.999368,-7.887145,11.244545,8.453373,9.246804,16.148048,-0.920054,0.006368,0.029491,-0.053726,-0.058835,-0.001532,0.6163,-0.032742,0.054644,0.21874
-0.952314,-2.555948,-4.831836,14.204886,48.41687,107.596649,-0.018877,-0.032857,-0.035546,0.999822,0.99946,0.999368,-7.888009,11.244934,8.456636,9.247919,16.145439,-0.920524,0.006361,0.029519,-0.053679,-0.058474,-0.001422,0.615518,-0.032659,0.05462,0.218566
-0.951066,-2.554135,-4.830204,14.201464,48.411549,107.590797,-0.018904,-0.032865,-0.035554,0.999821,0.99946,0.999368,-7.888783,11.245384,8.45991,9.248995,16.143028,-0.921024,0.006357,0.029544,-0.05363,-0.058119,-0.001316,0.614753,-0.032575,0.054595,0.218395
-0.721143,-2.205608,-4.421494,14.175918,48.460117,107.652176,-0.016775,-0.031415,-0.035563,0.999859,0.999506,0.999367,-7.919463,11.127449,8.346229,9.397491,16.323975,-0.313077,-0.007037,0.0252,-0.023185,-0.071928,-0.009385,0.634087,-0.017599,0.050458,0.229375
-0.62883,-2.010363,-4.192388,14.189705,48.483318,107.673218,-0.016408,-0.031262,-0.03558,0.999865,0.999511,0.999367,-7.954682,11.11097,8.281274,9.480312,16.398392,0.175233,-0.006099,0.025154,-0.022811,-0.058033,-0.014892,0.641158,-0.014177,0.046674,0.230456
-0.575156,-1.901399,-4.067019,14.189227,48.479145,107.664597,-0.016332,-0.031214,-0.035597,0.999867,0.999513,0.999366,-7.983918,11.120262,8.247657,9.526908,16.416466,0.534091,-0.005535,0.024983,-0.022526,-0.049667,-0.017261,0.642294,-0.012319,0.043964,0.230718
-0.541652,-1.83594,-3.992856,14.185242,48.468861,107.650208,-0.016328,-0.031195,-0.035614,0.999867,0.999513,0.999366,-8.0068,11.1325,8.231159,9.55384,16.410606,0.786529,-0.005188,0.024849,-0.022259,-0.044616,-0.018445,0.641532,-0.011133,0.042163,0.230736
-0.519699,-1.794261,-3.946287,14.181077,48.45911,107.637314,-0.016346,-0.03119,-0.03563,0.999866,0.999514,0.999365,-8.023792,11.14222,8.223328,9.570653,16.396919,0.959705,-0.004954,0.024749,-0.022045,-0.041381,-0.019035,0.640326,-0.010326,0.040999,0.230686
-0.504756,-1.766552,-3.915753,14.177608,48.45145,107.627403,-0.016369,-0.031192,-0.035644,0.999866,0.999513,0.999365,-8.03582,11.14901,8.21972,9.582203,16.382591,1.076631,-0.00479,0.024675,-0.021882,-0.039202,-0.01931,0.639175,-0.009749,0.040249,0.230628
-0.494264,-1.747498,-3.895064,14.174885,48.445766,107.620155,-0.016394,-0.031197,-0.035658,0.999866,0.999513,0.999364,-8.043943,11.153633,8.218164,9.590853,16.370323,1.154759,-0.004673,0.024619,-0.021759,-0.037668,-0.019418,0.638217,-0.009322,0.039759,0.230577
-0.486684,-1.734002,-3.880654,14.172735,48.44154,107.614838,-0.016418,-0.031205,-0.035672,0.999865,0.999513,0.999364,-8.049159,11.156868,8.217659,9.597748,16.360748,1.206588,-0.004589,0.024577,-0.021665,-0.036542,-0.019438,0.637457,-0.008994,0.039432,0.230531
-0.481051,-1.724171,-3.870353,14.170945,48.438251,107.610741,-0.016441,-0.031214,-0.035684,0.999865,0.999513,0.999363,-8.0523,11.159302,8.217773,9.603462,16.353653,1.240793,-0.004527,0.024543,-0.021591,-0.035684,-0.019413,0.636855,-0.008736,0.039207,0.230487
-0.476669,-1.71666,-3.862648,14.169238,48.435238,107.607079,-0.016461,-0.031224,-0.035697,0.999864,0.999512,0.999363,-8.054017,11.161316,8.218486,9.60832,16.348595,1.263229,-0.004478,0.024513,-0.02153,-0.034998,-0.019367,0.636353,-0.008523,0.039043,0.230439
-0.473157,-1.710735,-3.856696,14.167551,48.432343,107.603592,-0.016479,-0.031233,-0.035708,0.999864,0.999512,0.999362,-8.054827,11.163094,8.219722,9.612526,16.345039,1.277874,-0.004439,0.024484,-0.021481,-0.034431,-0.019314,0.63592,-0.008345,0.038918,0.230384
-0.47037,-1.70613,-3.852201,14.165869,48.429504,107.600235,-0.016496,-0.031242,-0.035719,0.999864,0.999512,0.999362,-8.055088,11.16468,8.221324,9.616175,16.342514,1.287261,-0.004411,0.024459,-0.02144,-0.033961,-0.019257,0.635534,-0.008199,0.038822,0.230326
-0.468114,-1.702502,-3.848784,14.16419,48.426682,107.596916,-0.016512,-0.03125,-0.03573,0.999864,0.999512,0.999362,-8.055019,11.166115,8.223208,9.619354,16.340691,1.293089,-0.004389,0.024439,-0.021406,-0.033563,-0.0192,0.635177,-0.008075,0.038745,0.230263
-0.466253,-1.699599,-3.846161,14.1625,48.423862,107.593628,-0.016527,-0.031259,-0.03574,0.999863,0.999511,0.999361,-8.054766,11.167427,8.225303,9.622141,16.339333,1.296495,-0.004373,0.024421,-0.021376,-0.033219,-0.019141,0.63484,-0.007968,0.038683,0.230198
-0.464688,-1.697233,-3.844126,14.1608,48.421005,107.590317,-0.016542,-0.031267,-0.03575,0.999863,0.999511,0.999361,-8.05442,11.168633,8.227564,9.624598,16.338295,1.298243,-0.004361,0.024406,-0.021349,-0.032915,-0.019083,0.634515,-0.007876,0.038631,0.23013
-0.463347,-1.695273,-3.842525,14.15908,48.418098,107.586952,-0.016556,-0.031276,-0.03576,0.999863,0.999511,0.99936,-8.054042,11.169731,8.22995,9.626781,16.337456,1.298847,-0.004352,0.024393,-0.021325,-0.032642,-0.019026,0.634197,-0.007793,0.038586,0.23006
-0.462178,-1.693622,-3.841253,14.157341,48.415154,107.583557,-0.01657,-0.031283,-0.035769,0.999863,0.999511,0.99936,-8.053668,11.170753,8.232468,9.62874,16.336739,1.298684,-0.004345,0.024381,-0.021304,-0.032395,-0.01897,0.633881,-0.00772,0.038547,0.229989
-0.461139,-1.692201,-3.840221,14.155584,48.412159,107.580093,-0.016583,-0.031291,-0.035778,0.999862,0.99951,0.99936,-8.053322,11.1717,8.235073,9.630511,16.336105,1.297971,-0.00434,0.024371,-0.021284,-0.032167,-0.018915,0.633567,-0.007653,0.038512,0.229916
-0.460205,-1.690963,-3.839378,14.153809,48.409107,107.576591,-0.016596,-0.031298,-0.035787,0.999862,0.99951,0.999359,-8.053013,11.172585,8.237735,9.632133,16.335518,1.296852,-0.004336,0.024361,-0.021266,-0.031954,-0.018861,0.633253,-0.007591,0.03848,0.229842
-0.459286,-1.689725,-3.838521,14.151902,48.405769,107.572746,-0.016607,-0.031305,-0.035795,0.999862,0.99951,0.999359,-8.052757,11.173424,8.240632,9.633653,16.334984,1.295496,-0.00433,0.024349,-0.021249,-0.031748,-0.018808,0.632922,-0.007532,0.038448,0.229763
-0.458346,-1.688439,-3.837595,14.149845,48.402138,107.568542,-0.016618,-0.031311,-0.035803,0.999862,0.99951,0.999359,-8.052565,11.174263,8.243847,9.63511,16.334465,1.293971,-0.004323,0.024334,-0.021231,-0.031543,-0.018758,0.632572,-0.007474,0.038414,0.229678
-0.457461,-1.687237,-3.836746,14.147703,48.398315,107.564148,-0.016627,-0.031317,-0.035811,0.999862,0.99951,0.999359,-8.052454,11.175056,8.247239,9.636519,16.333931,1.292256,-0.004316,0.02432,-0.021216,-0.031346,-0.018709,0.632209,-0.00742,0.038381,0.22959
-0.45663,-1.686129,-3.835989,14.145525,48.394417,107.559647,-0.016636,-0.031322,-0.035818,0.999862,0.999509,0.999358,-8.052413,11.175789,8.25079,9.637876,16.333366,1.290396,-0.00431,0.024305,-0.021201,-0.031158,-0.018661,0.631839,-0.007369,0.03835,0.2295
-0.455851,-1.685111,-3.83532,14.143332,48.390495,107.55513,-0.016645,-0.031327,-0.035825,0.999861,0.999509,0.999358,-8.052426,11.176476,8.254381,9.63918,16.332779,1.28837,-0.004304,0.024292,-0.021188,-0.030978,-0.018613,0.631467,-0.007322,0.03832,0.229409
-0.455117,-1.684168,-3.834723,14.141152,48.386566,107.550613,-0.016654,-0.031332,-0.035832,0.999861,0.999509,0.999358,-8.052482,11.177116,8.258014,9.640431,16.332176,1.286253,-0.0043,0.024279,-0.021175,-0.030806,-0.018567,0.631098,-0.007277,0.038292,0.229319
-0.454422,-1.683291,-3.834183,14.13898,48.382664,107.54612,-0.016662,-0.031337,-0.035839,0.999861,0.999509,0.999358,-8.052574,11.177711,8.261684,9.641631,16.331573,1.284093,-0.004295,0.024266,-0.021163,-0.030642,-0.018522,0.630731,-0.007234,0.038265,0.229229
-0.453764,-1.682468,-3.833691,14.136834,48.37878,107.541664,-0.01667,-0.031342,-0.035845,0.999861,0.999509,0.999357,-8.052694,11.178268,8.265291,9.642786,16.330971,1.281843,-0.004291,0.024253,-0.021151,-0.030483,-0.018477,0.630369,-0.007193,0.03824,0.22914
-0.453136,-1.681694,-3.833241,14.134714,48.374954,107.537247,-0.016678,-0.031346,-0.035852,0.999861,0.999509,0.999357,-8.052836,11.178795,8.268865,9.643896,16.330376,1.279567,-0.004287,0.024241,-0.02114,-0.030331,-0.018434,0.630011,-0.007155,0.038216,0.229052
-0.541179,-1.834361,-4.000422,14.326545,48.767727,107.994476,-0.01719,-0.031653,-0.035964,0.999852,0.999499,0.999353,-8.015067,11.176262,7.9387,9.585954,16.331009,1.291534,-0.004196,0.02816,-0.025514,-0.051858,-0.011069,0.655732,-0.011794,0.041822,0.233835
-0.682924,-2.102978,-4.306633,14.668379,49.443932,108.775757,-0.018172,-0.032301,-0.036126,0.999835,0.999478,0.999347,-7.946822,11.169136,7.441822,9.474099,16.37928,1.491501,-0.003483,0.032511,-0.028687,-0.087562,-0.000825,0.707478,-0.018411,0.046339,0.244032
-0.85256,-2.448813,-4.709407,15.139168,50.379635,109.8526,-0.019819,-0.033359,-0.036346,0.999804,0.999443,0.999339,-7.858528,11.153816,6.781912,9.320338,16.49514,1.891764,-0.002146,0.03767,-0.029107,-0.134569,0.010169,0.784112,-0.025424,0.049509,0.258814
-0.836313,-2.533235,-4.812765,15.702728,51.538063,111.178993,-0.021388,-0.034726,-0.036649,0.999771,0.999397,0.999328,-7.811785,11.181389,5.664951,9.24732,16.637108,2.978446,-0.010009,0.037327,-0.011055,-0.178822,0.010421,0.897709,-0.019265,0.043853,0.286272
-0.949408,-2.758423,-5.087567,16.425121,52.967457,112.804245,-0.023689,-0.036395,-0.037067,0.999719,0.999337,0.999313,-7.715633,11.236107,4.464668,9.060253,16.691338,4.220351,-0.00673,0.041677,-0.009383,-0.223356,0.009871,1.015296,-0.023277,0.03771,0.310281
-1.095498,-3.026289,-5.417818,17.228224,54.548065,114.597443,-0.02603,-0.038112,-0.037592,0.999661,0.999274,0.999293,-7.56677,11.307396,3.15507,8.803629,16.660027,5.583087,-0.00385,0.045785,-0.0089,-0.270301,0.006895,1.14094,-0.028885,0.030104,0.337302
-1.229098,-3.27847,-5.740783,18.097149,56.213032,116.477119,-0.028286,-0.03979,-0.038191,0.9996,0.999208,0.99927,-7.375993,11.394768,1.736834,8.523326,16.563324,7.01373,-0.001654,0.049891,-0.008496,-0.314396,-0.000161,1.27175,-0.033903,0.021253,0.368344
-1.315927,-3.464028,-6.000949,19.037054,57.961319,118.439613,-0.030544,-0.04136,-0.03878,0.999533,0.999144,0.999248,-7.152012,11.497414,0.20002,8.256353,16.421303,8.485151,-0.000867,0.054319,-0.009397,-0.351053,-0.011836,1.408115,-0.036945,0.0111,0.403861
-1.366701,-3.592986,-6.203549,20.030691,59.781738,120.475105,-0.032352,-0.042623,-0.039304,0.999476,0.999091,0.999227,-6.918455,11.614502,-1.464736,8.00875,16.276474,9.957687,0.00023,0.058421,-0.013175,-0.380914,-0.028606,1.546723,-0.038233,-0.00016,0.441645
-1.264736,-3.535727,-6.206896,20.972416,61.393719,122.247086,-0.033236,-0.043459,-0.039631,0.999447,0.999055,0.999214,-6.744864,11.950462,-3.598777,7.834323,16.271706,11.620274,0.002883,0.05877,-0.003357,-0.394021,-0.065952,1.657946,-0.028446,-0.016253,0.477109
-1.250642,-3.558344,-6.279234,22.006754,63.278828,124.339104,-0.034026,-0.043691,-0.039749,0.999421,0.999045,0.99921,-6.560342,12.233955,-5.726194,7.667809,16.257057,13.219277,0.007396,0.06302,-0.014857,-0.413874,-0.097001,1.794393,-0.025104,-0.033241,0.512125
-1.259222,-3.619106,-6.382721,23.064468,65.147224,126.396187,-0.034586,-0.043601,-0.039633,0.999402,0.999049,0.999214,-6.348036,12.487434,-7.942495,7.521901,16.260109,14.711731,0.013469,0.069891,-0.03621,-0.437884,-0.141059,1.940909,-0.022028,-0.052044,0.547284
-1.202011,-3.677488,-6.495721,23.853533,66.312714,127.645348,-0.033385,-0.043127,-0.039276,0.999443,0.99907,0.999228,-6.123004,13.057518,-10.637775,7.475588,16.460411,16.083015,0.024253,0.074848,-0.034657,-0.444644,-0.202876,2.006465,-0.013998,-0.077456,0.572372
-1.179742,-3.710737,-6.539753,24.706268,67.826271,129.319199,-0.033421,-0.042244,-0.03861,0.999441,0.999107,0.999254,-5.871039,13.495476,-13.065528,7.414685,16.673737,17.443449,0.032785,0.08349,-0.053762,-0.46803,-0.24786,2.10997,-0.010076,-0.103734,0.600186
-1.139822,-3.715313,-6.537951,25.623381,69.430954,131.095535,-0.032892,-0.041081,-0.037666,0.999459,0.999156,0.99929,-5.626591,13.853729,-15.396472,7.326454,16.921371,18.806583,0.04277,0.092556,-0.072919,-0.492921,-0.2896,2.225802,-0.005648,-0.128436,0.632316
-1.117693,-3.793216,-6.632839,26.08005,69.917778,131.624924,-0.029972,-0.040176,-0.036813,0.999551,0.999193,0.999322,-5.344062,14.490524,-17.807013,7.288706,17.393181,20.065451,0.053294,0.091405,-0.035155,-0.491619,-0.316262,2.176467,-0.003061,-0.151579,0.654228
-1.085004,-3.780342,-6.593608,26.616661,70.836258,132.649582,-0.029406,-0.039026,-0.035833,0.999568,0.999238,0.999358,-5.145897,14.940033,-19.819761,7.264802,17.725281,21.183889,0.058212,0.10052,-0.037117,-0.511891,-0.342256,2.220318,-0.001957,-0.170096,0.676034
-1.030743,-3.725006,-6.498654,27.128466,71.708961,133.617676,-0.028944,-0.037768,-0.03468,0.999581,0.999287,0.999398,-5.015079,15.280762,-21.58452,7.238745,17.977455,22.167887,0.062138,0.111183,-0.039016,-0.532273,-0.367575,2.278821,-0.000315,-0.185887,0.696764
-0.961526,-3.635586,-6.352726,27.566307,72.447624,134.433823,-0.028273,-0.036285,-0.033331,0.9996,0.999341,0.999444,-4.948856,15.565598,-23.148033,7.225709,18.197678,22.979614,0.065306,0.123719,-0.038772,-0.551026,-0.390909,2.3343,0.001592,-0.199407,0.715453
-0.936846,-3.595314,-6.262166,27.439674,71.783295,133.690414,-0.025836,-0.036019,-0.032293,0.999666,0.999351,0.999478,-4.737288,16.080215,-24.338406,7.271736,18.511948,23.538673,0.067786,0.115987,0.033079,-0.523262,-0.361082,2.16054,-0.001522,-0.207414,0.727281
-0.907993,-3.525763,-6.122302,27.533777,71.938133,133.870056,-0.026317,-0.035175,-0.031155,0.999654,0.999381,0.999515,-4.629385,16.456024,-25.348289,7.320716,18.727142,23.937899,0.065509,0.12599,0.046253,-0.534305,-0.371543,2.141544,-0.003822,-0.21682,0.737156
-0.873307,-3.448174,-5.970665,27.692873,72.194557,134.155792,-0.026433,-0.034133,-0.029876,0.999651,0.999417,0.999554,-4.568651,16.7453,-26.253927,7.355641,18.898926,24.231457,0.063664,0.13736,0.053655,-0.550021,-0.381269,2.159395,-0.00596,-0.224008,0.74744
-0.823535,-3.321288,-5.757329,27.457117,71.292519,133.167923,-0.02449,-0.034673,-0.02894,0.9997,0.999399,0.999581,-4.121781,17.07605,-26.682009,7.47225,19.053513,24.401459,0.055326,0.119834,0.12455,-0.500934,-0.323971,1.957287,-0.008407,-0.227054,0.767082
-0.803237,-3.231599,-5.586985,27.393776,71.164726,133.035049,-0.025141,-0.034026,-0.027933,0.999684,0.999421,0.99961,-3.862413,17.35437,-27.116806,7.58712,19.111084,24.435457,0.04796,0.127454,0.14402,-0.511004,-0.331173,1.923089,-0.011454,-0.233251,0.774126
-0.793213,-3.163613,-5.445943,27.423634,71.173897,133.04744,-0.02516,-0.033151,-0.026897,0.999683,0.99945,0.999638,-3.700602,17.587723,-27.543139,7.678952,19.135117,24.390625,0.041653,0.136272,0.156151,-0.526477,-0.338439,1.929046,-0.015342,-0.235686,0.78174
-0.698316,-2.992001,-5.190593,27.347609,70.57193,132.408936,-0.023582,-0.03382,-0.026216,0.999722,0.999428,0.999656,-3.123254,17.828598,-27.618111,7.878187,18.99749,24.378164,0.026185,0.110067,0.223366,-0.474965,-0.290138,1.710462,-0.014362,-0.235999,0.814355
-0.652267,-2.860481,-4.98816,27.294516,70.437012,132.266769,-0.023933,-0.033319,-0.025515,0.999714,0.999445,0.999674,-2.82351,18.067604,-27.777477,8.056275,18.817581,24.240265,0.018283,0.113513,0.247933,-0.477557,-0.29901,1.669594,-0.014921,-0.240484,0.823524
-0.626053,-2.773765,-4.842582,27.304289,70.413391,132.244583,-0.023629,-0.032569,-0.024835,0.999721,0.999469,0.999692,-2.659446,18.279785,-27.977831,8.177676,18.657654,24.051409,0.011988,0.118115,0.262121,-0.484642,-0.306405,1.666876,-0.016371,-0.242839,0.830931
-0.603543,-2.701057,-4.717793,27.338947,70.422569,132.256241,-0.023143,-0.031819,-0.024198,0.999732,0.999494,0.999707,-2.569235,18.456604,-28.187534,8.258206,18.518707,23.845301,0.006528,0.122412,0.273293,-0.4908,-0.312765,1.672185,-0.01769,-0.243761,0.838807
-0.391757,-2.47072,-4.424117,27.473473,70.465691,132.406876,-0.022871,-0.032727,-0.023657,0.999738,0.999464,0.99972,-2.014672,18.699722,-28.371233,8.358532,18.352158,23.811361,-0.00408,0.088091,0.326212,-0.430542,-0.265569,1.467747,-0.007381,-0.248316,0.880391
-0.280021,-2.276423,-4.176252,27.508877,70.459465,132.391098,-0.022756,-0.032269,-0.023131,0.999741,0.999479,0.999732,-1.7516,18.875031,-28.526846,8.473842,18.143211,23.772692,-0.005889,0.084154,0.350407,-0.420751,-0.271941,1.426251,-0.001286,-0.255467,0.892325
-0.194032,-2.131837,-3.990813,27.583199,70.539665,132.47084,-0.022073,-0.031621,-0.022671,0.999756,0.9995,0.999743,-1.611635,18.996307,-28.683907,8.558276,17.954727,23.755236,-0.006867,0.081396,0.362633,-0.417502,-0.277367,1.418589,0.003007,-0.261763,0.901125
-0.111956,-2.000742,-3.827593,27.679146,70.649559,132.581558,-0.021273,-0.031011,-0.022294,0.999774,0.999519,0.999751,-1.53447,19.075874,-28.837561,8.622988,17.791473,23.762053,-0.007181,0.078744,0.370885,-0.41455,-0.282194,1.418734,0.007011,-0.267016,0.909945
0.184667,-1.717294,-3.494889,27.902357,71.043457,133.136124,-0.023149,-0.032184,-0.021729,0.999732,0.999482,0.999764,-1.1788,19.159256,-29.018099,8.568715,17.728485,23.894869,-0.003858,0.033117,0.407766,-0.356176,-0.242026,1.229729,0.025553,-0.273514,0.950892
0.377801,-1.410609,-3.127005,28.017302,71.156982,133.239487,-0.022582,-0.031582,-0.021208,0.999745,0.999501,0.999775,-1.079986,19.220474,-29.136189,8.588752,17.562965,23.986002,-0.000672,0.023506,0.428478,-0.341461,-0.245375,1.190943,0.037879,-0.281953,0.963627
0.540023,-1.148609,-2.81497,28.139624,71.323738,133.4077,-0.021486,-0.030715,-0.020779,0.999769,0.999528,0.999784,-1.08498,19.283905,-29.250237,8.613475,17.389954,24.073244,0.001636,0.016025,0.438463,-0.332931,-0.25103,1.182951,0.04744,-0.290549,0.972543
0.689745,-0.911415,-2.537544,28.268606,71.500931,133.588287,-0.020357,-0.029905,-0.020446,0.999793,0.999553,0.999791,-1.139412,19.347504,-29.364252,8.639309,17.232323,24.16164,0.00402,0.0091,0.444996,-0.325493,-0.257011,1.181575,0.05591,-0.298401,0.9811
0.833524,-0.686813,-2.279962,28.397284,71.674698,133.76532,-0.019299,-0.029197,-0.020206,0.999814,0.999574,0.999796,-1.225436,19.411423,-29.475706,8.667961,17.094086,24.247946,0.006638,0.002615,0.450765,-0.318336,-0.263059,1.181552,0.063866,-0.305584,0.98969
1.104759,-0.385619,-1.900539,28.611612,72.195663,134.448044,-0.021087,-0.028693,-0.019608,0.999778,0.999588,0.999808,-1.278265,19.50547,-29.58383,8.281801,17.151375,24.294456,0.009133,-0.038,0.47672,-0.269825,-0.230012,1.022438,0.082296,-0.306222,1.02451
1.299415,-0.065884,-1.511629,28.744295,72.354164,134.603073,-0.020514,-0.027914,-0.019043,0.99979,0.99961,0.999819,-1.458614,19.614082,-29.63302,8.077518,17.108681,24.271658,0.012085,-0.045891,0.498729,-0.25432,-0.231908,0.986295,0.094703,-0.311232,1.036173
1.461421,0.193834,-1.197236,28.882019,72.519958,134.763031,-0.019787,-0.027016,-0.018546,0.999804,0.999635,0.999828,-1.6508,19.731552,-29.730721,7.963606,17.021782,24.298382,0.014839,-0.049961,0.510969,-0.245568,-0.237218,0.973024,0.10475,-0.317272,1.046289
1.60325,0.415976,-0.92937,29.017223,72.681183,134.92038,-0.019107,-0.026237,-0.018123,0.999817,0.999656,0.999836,-1.834419,19.850159,-29.869968,7.909346,16.919975,24.361994,0.017951,-0.052516,0.520058,-0.238845,-0.242868,0.964924,0.113446,-0.322827,1.056403
1.732163,0.614014,-0.692324,29.145555,72.8311,135.067398,-0.018545,-0.025586,-0.017772,0.999828,0.999673,0.999842,-2.01113,19.96949,-30.038332,7.896327,16.812019,24.443344,0.021368,-0.053892,0.528537,-0.233221,-0.248404,0.95803,0.121427,-0.327843,1.066614
1.821549,0.68231,-0.549426,29.245497,73.182861,135.532898,-0.020763,-0.024236,-0.017215,0.999784,0.999706,0.999852,-2.238636,20.098701,-30.194366,7.317131,16.962669,24.284513,0.016056,-0.077455,0.574106,-0.193907,-0.207084,0.813419,0.129384,-0.306,1.094605
1.916199,0.839882,-0.34245,29.317781,73.228424,135.57222,-0.020698,-0.023643,-0.016674,0.999786,0.99972,0.999861,-2.505167,20.201492,-30.279346,6.989897,17.015678,24.062576,0.017541,-0.071565,0.606287,-0.183423,-0.202775,0.773982,0.137987,-0.296094,1.106545
2.018363,1.015212,-0.119335,29.366739,73.2677,135.608902,-0.02024,-0.022958,-0.016197,0.999795,0.999736,0.999869,-2.763043,20.309929,-30.382679,6.817063,17.016533,23.884539,0.020693,-0.064957,0.627278,-0.178535,-0.203602,0.756285,0.145902,-0.29186,1.115098
2.123522,1.191235,0.099464,29.415058,73.315315,135.656509,-0.019742,-0.022347,-0.015793,0.999805,0.99975,0.999875,-2.998003,20.425461,-30.521425,6.742429,16.985519,23.761047,0.025025,-0.059864,0.643577,-0.175489,-0.205994,0.744415,0.1535,-0.290212,1.122858
2.163961,1.228716,0.181484,29.353748,73.440491,135.853577,-0.019734,-0.01982,-0.01543,0.999805,0.999804,0.999881,-3.379665,20.461723,-30.709661,6.226017,17.168388,23.343935,0.014339,-0.076378,0.712007,-0.137953,-0.163844,0.632141,0.158289,-0.25701,1.138147
2.237734,1.366007,0.35197,29.319199,73.369759,135.779495,-0.01942,-0.019257,-0.015123,0.999811,0.999815,0.999886,-3.720201,20.511513,-30.81794,5.929345,17.295128,22.958384,0.014876,-0.061061,0.743914,-0.127055,-0.15749,0.603026,0.164678,-0.238685,1.143732
2.329357,1.525436,0.542649,29.305979,73.352028,135.767578,-0.018886,-0.01876,-0.01491,0.999822,0.999824,0.999889,-4.010732,20.594521,-30.965876,5.782445,17.369316,22.678541,0.01874,-0.046738,0.764369,-0.121879,-0.156415,0.589312,0.171742,-0.228941,1.148822
2.430009,1.684534,0.726605,29.292833,73.321045,135.738739,-0.018387,-0.018313,-0.014793,0.999831,0.999832,0.999891,-4.262525,20.716454,-31.232296,5.732782,17.396523,22.490551,0.022622,-0.031827,0.777589,-0.117939,-0.157554,0.573945,0.179372,-0.223852,1.15468
2.52505,1.834113,0.896861,29.281204,73.296913,135.718094,-0.018012,-0.018005,-0.01477,0.999838,0.999838,0.999891,-4.494068,20.866478,-31.578701,5.740848,17.386787,22.352337,0.026768,-0.01863,0.789024,-0.115759,-0.159111,0.557952,0.186878,-0.221397,1.160308
2.496247,1.806663,0.877386,29.13739,73.339073,135.850372,-0.015848,-0.014841,-0.014998,0.999874,0.99989,0.999888,-4.916942,21.070091,-32.020485,5.315248,17.541183,21.790255,0.000718,-0.020585,0.87881,-0.080791,-0.113661,0.472042,0.187214,-0.193166,1.162758
2.523466,1.869369,0.941344,29.026865,73.203522,135.720383,-0.015833,-0.014668,-0.015288,0.999875,0.999892,0.999883,-5.287594,21.276382,-32.310146,5.042492,17.652046,21.243645,-0.003422,0.001372,0.916265,-0.071848,-0.10799,0.43897,0.191744,-0.176481,1.163183
2.576095,1.961069,1.032338,28.953444,73.122917,135.648941,-0.015902,-0.014802,-0.01566,0.999874,0.99989,0.999877,-5.618485,21.477852,-32.5886,4.898249,17.707161,20.784889,-0.001481,0.019917,0.941704,-0.068336,-0.105831,0.415869,0.198092,-0.168401,1.164427
2.635679,2.055628,1.120747,28.907539,73.082291,135.618515,-0.016011,-0.015105,-0.016132,0.999872,0.999886,0.99987,-5.922665,21.673134,-32.892525,4.839399,17.707802,20.391867,0.002911,0.033122,0.962162,-0.067915,-0.10494,0.395178,0.20524,-0.165051,1.166318
2.496251,1.875608,0.916406,28.715443,73.073738,135.717514,-0.014364,-0.012666,-0.016741,0.999897,0.99992,0.99986,-6.420432,22.01667,-33.129494,4.438222,17.801674,19.407692,-0.015748,0.050098,1.083427,-0.047821,-0.070061,0.33284,0.20263,-0.13886,1.159253
2.452291,1.847827,0.866493,28.552591,72.897545,135.542786,-0.015354,-0.013088,-0.017322,0.999882,0.999914,0.99985,-6.843256,22.349129,-33.200577,4.169857,17.846985,18.507265,-0.019166,0.076302,1.137847,-0.042458,-0.065634,0.296751,0.205198,-0.12355,1.154413
2.396884,1.78461,0.775734,28.749163,73.361237,136.106171,-0.015583,-0.013607,-0.01815,0.999879,0.999907,0.999835,-7.246146,22.821709,-33.796459,3.94977,17.853325,17.820122,-0.030889,0.116277,1.219039,-0.035625,-0.063298,0.279501,0.208384,-0.097325,1.174389
2.05074,1.387826,0.346054,28.508896,73.316467,136.139221,-0.015063,-0.011794,-0.018766,0.999887,0.99993,0.999824,-7.760743,23.477425,-33.781467,3.527198,17.976212,16.369316,-0.053677,0.152963,1.374091,-0.018263,-0.031718,0.24644,0.193009,-0.060498,1.154117
1.885879,1.214972,0.147667,28.157982,72.860855,135.646286,-0.017651,-0.012526,-0.019058,0.999844,0.999922,0.999818,-8.199724,24.081093,-33.549187,3.268125,18.031639,14.996669,-0.0639,0.195384,1.437495,-0.00868,-0.022231,0.198282,0.188846,-0.038646,1.135944
1.799788,1.151284,0.077098,27.818581,72.406731,135.157425,-0.019921,-0.013231,-0.019099,0.999802,0.999913,0.999818,-8.603703,24.619316,-33.339039,3.172819,18.01033,13.78598,-0.062796,0.232091,1.478298,-0.006102,-0.016028,0.154119,0.189738,-0.028287,1.118283
1.753246,1.143283,0.074369,27.532057,72.052376,134.785202,-0.021494,-0.013713,-0.018981,0.999769,0.999906,0.99982,-8.986197,25.115288,-33.203037,3.19382,17.938301,12.724912,-0.056203,0.260216,1.508437,-0.005922,-0.011716,0.120101,0.19243,-0.024356,1.102529
1.345873,0.707557,-0.334626,27.337746,72.143753,134.949677,-0.021064,-0.011556,-0.018415,0.999778,0.999933,0.99983,-9.432648,26.033379,-32.607086,3.145469,17.828163,10.896511,-0.06495,0.270532,1.670619,0.00699,0.013728,0.110076,0.173275,-0.006664,1.074886
1.182077,0.592143,-0.404492,27.200911,72.126259,134.946182,-0.023083,-0.011219,-0.017438,0.999734,0.999937,0.999848,-9.789632,26.918663,-32.054993,3.097733,17.744637,9.281988,-0.068494,0.295056,1.746298,0.017096,0.023163,0.089815,0.166678,0.006333,1.061533
1.118187,0.605951,-0.319359,27.109804,72.138161,134.981354,-0.024222,-0.010687,-0.016189,0.999707,0.999943,0.999869,-10.125047,27.681725,-31.706535,3.106597,17.659538,7.954529,-0.063251,0.312769,1.792046,0.022411,0.029012,0.074154,0.165083,0.012465,1.052917
0.750329,0.240691,-0.577879,27.278975,72.753616,135.691254,-0.023045,-0.007691,-0.014452,0.999734,0.99997,0.999896,-10.44447,28.643715,-30.740957,3.204125,17.485588,6.137437,-0.059963,0.279849,1.959712,0.03157,0.047484,0.083496,0.142823,0.02469,1.040839
0.636321,0.19598,-0.500577,27.41206,73.095001,136.05101,-0.024067,-0.006118,-0.01226,0.99971,0.999981,0.999925,-10.664296,29.435448,-30.012342,3.255287,17.331856,4.582416,-0.061248,0.270807,2.040176,0.041964,0.055678,0.075689,0.135465,0.033679,1.039098
0.303829,-0.093193,-0.606184,27.983568,74.206131,137.269958,-0.022261,-0.002231,-0.009502,0.999752,0.999998,0.999955,-10.812725,30.153694,-28.665157,3.451104,17.22451,2.706764,-0.049694,0.200686,2.211606,0.047863,0.067953,0.089572,0.106656,0.050854,1.044877
0.213384,-0.092152,-0.41655,28.301912,74.740715,137.805054,-0.022286,0.000502,-0.006241,0.999752,1.0,0.999981,-10.875399,30.690712,-27.629644,3.551164,17.137665,1.152774,-0.051387,0.16597,2.294498,0.058863,0.07204,0.092301,0.097111,0.059999,1.052218
0.223486,0.05306,-0.058715,28.502552,75.077621,138.149658,-0.021394,0.003504,-0.002662,0.999771,0.999994,0.999996,-10.932671,31.059166,-26.906122,3.605719,17.048607,-0.062829,-0.045446,0.14129,2.341264,0.065285,0.07496,0.09245,0.093877,0.064537,1.05677
0.027443,-0.00421,0.153506,29.24769,76.30809,139.487045,-0.016563,0.008352,0.000966,0.999863,0.999965,1.0,-11.030328,31.298927,-25.468708,3.737331,17.153183,-1.528267,-0.026455,0.042199,2.4746,0.060253,0.081708,0.106471,0.066238,0.079185,1.074125
0.015486,0.118616,0.516175,29.589033,76.793495,139.962326,-0.014675,0.012032,0.004937,0.999892,0.999928,0.999988,-11.058393,31.472786,-24.34618,3.795119,17.219597,-2.712438,-0.022921,-0.003408,2.535883,0.06701,0.083351,0.116296,0.059614,0.085948,1.085697
-0.114711,0.130196,0.804853,30.432426,78.109444,141.379669,-0.008432,0.016603,0.008494,0.999964,0.999862,0.999964,-11.196521,31.509956,-22.668823,3.84149,17.459572,-4.073498,-0.01402,-0.129015,2.669473,0.059975,0.090773,0.126022,0.032467,0.098143,1.114249
-0.10404,0.286077,1.199808,30.802734,78.578064,141.830521,-0.005545,0.020325,0.012302,0.999985,0.999793,0.999924,-11.258389,31.529839,-21.333828,3.825182,17.635475,-5.10933,-0.010034,-0.182157,2.727233,0.064767,0.091996,0.141367,0.02705,0.103778,1.130063
-0.030534,0.529044,1.687593,30.992596,78.797829,142.038254,-0.002947,0.023976,0.016267,0.999996,0.999713,0.999868,-11.301938,31.534584,-20.340452,3.796253,17.737442,-5.848698,0.000342,-0.209656,2.755147,0.067856,0.094189,0.150046,0.026242,0.107158,1.138801
-0.089195,0.588484,1.984935,31.595655,79.720322,143.032486,0.003163,0.027556,0.019352,0.999995,0.99962,0.999813,-11.484285,31.296776,-18.837639,3.780438,17.981964,-6.819435,0.004114,-0.335075,2.856251,0.05502,0.097154,0.153923,0.002763,0.110276,1.163084
-0.068511,0.742447,2.347137,31.880276,80.025032,143.305618,0.006203,0.030802,0.022568,0.999981,0.999525,0.999745,-11.608643,31.1493,-17.625437,3.704273,18.166374,-7.516985,0.007328,-0.383993,2.900475,0.056644,0.097751,0.169499,-0.001579,0.112969,1.176957
-0.097783,0.756068,2.53152,32.29567,80.681976,144.020782,0.011171,0.032948,0.024733,0.999938,0.999457,0.999694,-11.778066,30.622276,-15.996793,3.654326,18.430107,-8.49214,-0.00025,-0.520044,2.979474,0.037441,0.086907,0.174165,-0.021901,0.104758,1.195059
-0.097311,0.85015,2.778047,32.542267,80.903473,144.200546,0.013223,0.035066,0.026987,0.999913,0.999385,0.999636,-11.92608,30.289528,-14.737705,3.525392,18.624977,-9.095486,0.000572,-0.569724,3.018028,0.036094,0.083439,0.189474,-0.026529,0.102414,1.208045
-0.061562,0.896953,2.945127,32.828934,81.430161,144.793091,0.016267,0.035641,0.028177,0.999868,0.999365,0.999603,-12.10772,29.535316,-13.016625,3.441774,18.865669,-10.087534,-0.016059,-0.696519,3.075661,0.015059,0.062343,0.204168,-0.04012,0.080534,1.220261
-0.060159,0.971256,3.115936,33.05452,81.636925,144.965515,0.017198,0.03659,0.02939,0.999852,0.99933,0.999568,-12.31893,29.02552,-11.741439,3.24499,19.036125,-10.64303,-0.015981,-0.741018,3.106199,0.011807,0.054973,0.219153,-0.04319,0.072009,1.232845
-0.056883,1.044235,3.280552,33.217449,81.781036,145.092422,0.017889,0.037736,0.030697,0.99984,0.999288,0.999529,-12.501872,28.665535,-10.793283,3.030766,19.128807,-10.9572,-0.013332,-0.757985,3.123266,0.009801,0.04947,0.229943,-0.045411,0.068274,1.242649
0.028696,1.160213,3.483158,33.502922,82.296478,145.665146,0.017776,0.03683,0.031222,0.999842,0.999322,0.999512,-12.683355,27.801201,-9.193266,2.926838,19.287285,-11.859453,-0.029881,-0.854105,3.160107,-0.00783,0.025353,0.264745,-0.05191,0.035192,1.255298
0.04506,1.238008,3.616517,33.723438,82.528687,145.879959,0.017411,0.036751,0.031725,0.999848,0.999324,0.999497,-12.902829,27.182014,-8.027983,2.704296,19.371391,-12.341812,-0.026693,-0.885135,3.18176,-0.012823,0.013843,0.278995,-0.052444,0.019357,1.268253
0.162978,1.425944,3.867044,34.124527,83.199776,146.608383,0.013991,0.034097,0.031611,0.999902,0.999418,0.9995,-13.003121,26.135292,-6.296494,2.613654,19.564888,-13.486652,-0.035695,-0.958985,3.221789,-0.028333,-0.008149,0.318808,-0.051605,-0.027568,1.287662
0.195238,1.507551,3.96174,34.345699,83.467438,146.879425,0.011873,0.032673,0.031448,0.999929,0.999466,0.999505,-13.149309,25.375259,-5.016653,2.406801,19.666328,-14.142741,-0.023739,-0.984143,3.232358,-0.035313,-0.021448,0.334617,-0.049847,-0.054902,1.300695
0.185347,1.514794,3.965948,34.487625,83.639435,147.058945,0.010302,0.031573,0.031217,0.999947,0.999501,0.999513,-13.278963,24.814629,-4.093256,2.19209,19.705864,-14.529742,-0.016312,-0.994216,3.233848,-0.041075,-0.030243,0.343504,-0.050443,-0.074887,1.30895
0.319773,1.75618,4.248942,34.899277,84.309998,147.775238,0.005539,0.028423,0.030626,0.999985,0.999596,0.999531,-13.203572,23.875008,-2.521049,2.146094,19.96273,-15.838513,-0.013288,-1.044012,3.276524,-0.052405,-0.048475,0.38097,-0.041482,-0.122976,1.329651
0.377045,1.856468,4.330079,35.099377,84.580223,148.068207,0.002673,0.026221,0.029989,0.999996,0.999656,0.99955,-13.189319,23.183495,-1.294068,1.974187,20.110176,-16.656645,0.006605,-1.064343,3.276448,-0.058747,-0.059515,0.398298,-0.0365,-0.155239,1.341696
0.380608,1.867803,4.306359,35.242287,84.787766,148.300003,0.000483,0.024276,0.02924,1.0,0.999705,0.999572,-13.18605,22.673012,-0.375001,1.782749,20.187981,-17.180298,0.018632,-1.07587,3.272252,-0.06463,-0.066082,0.408017,-0.03478,-0.181597,1.350185
0.509893,2.140299,4.60813,35.588852,85.341866,148.882202,-0.004151,0.02148,0.028406,0.999991,0.999769,0.999596,-12.948476,21.908112,1.400889,1.674191,20.585434,-18.749813,0.034671,-1.104605,3.296517,-0.066603,-0.077828,0.445649,-0.017877,-0.228964,1.369264
0.585636,2.254424,4.684432,35.771534,85.618729,149.199081,-0.007091,0.018884,0.027504,0.999975,0.999822,0.999622,-12.75629,21.349457,2.856582,1.459928,20.818947,-19.754234,0.062719,-1.121241,3.28574,-0.070744,-0.084631,0.465279,-0.009388,-0.266691,1.380949
0.752011,2.628731,5.093956,36.020794,85.987572,149.577469,-0.011222,0.016926,0.026916,0.999937,0.999857,0.999638,-12.304445,20.613564,5.332943,1.254963,21.431404,-21.842804,0.099322,-1.122859,3.258964,-0.058614,-0.098556,0.519853,0.015013,-0.319144,1.399821
0.896164,2.844826,5.288388,36.151211,86.183983,149.819,-0.014026,0.014507,0.02633,0.999902,0.999895,0.999653,-11.888722,20.133774,7.314732,0.926126,21.800987,-23.134832,0.140696,-1.132117,3.221105,-0.056784,-0.104625,0.548763,0.028759,-0.361319,1.412163
0.985122,2.976717,5.39056,36.275536,86.377647,150.053665,-0.016549,0.012279,0.025689,0.999863,0.999925,0.99967,-11.523829,19.828117,8.814408,0.592396,22.037743,-23.954115,0.167607,-1.144334,3.192129,-0.055279,-0.110404,0.571176,0.03817,-0.396483,1.423901
1.188912,3.468209,5.934907,36.38377,86.449852,150.092346,-0.017106,0.013014,0.025776,0.999854,0.999915,0.999668,-10.98724,19.345612,11.361364,0.280727,22.688934,-25.87534,0.20866,-1.101339,3.083011,-0.022048,-0.134387,0.657495,0.058404,-0.42904,1.447555
1.373507,3.757573,6.243053,36.501457,86.626839,150.321304,-0.017607,0.012274,0.025893,0.999845,0.999925,0.999665,-10.483882,19.079376,13.283885,-0.089425,23.102142,-26.998734,0.244909,-1.097922,3.023432,-0.011395,-0.137509,0.699793,0.072107,-0.457821,1.465126
1.503589,3.971955,6.471246,36.641346,86.834526,150.574646,-0.018367,0.01142,0.025958,0.999831,0.999935,0.999663,-10.065741,18.928368,14.703299,-0.428464,23.388039,-27.700304,0.268009,-1.103277,2.983675,-0.003533,-0.137488,0.729577,0.081957,-0.481358,1.482269
1.707258,4.516043,7.081896,36.632397,86.566666,150.212631,-0.014528,0.015009,0.027031,0.999894,0.999887,0.999635,-9.502054,18.478172,17.125381,-0.590169,23.918037,-29.23201,0.313791,-1.016249,2.794679,0.046322,-0.166925,0.846942,0.094136,-0.490218,1.50857
1.909939,4.860188,7.497258,36.677158,86.618843,150.301666,-0.013011,0.015793,0.028118,0.999915,0.999875,0.999605,-8.965796,18.27523,18.845974,-0.832577,24.250092,-30.049505,0.345271,-0.997898,2.71366,0.063156,-0.159388,0.89664,0.106439,-0.50431,1.526298
2.106184,5.454773,8.200011,36.522549,85.997444,149.524033,-0.004153,0.021954,0.030178,0.999991,0.999759,0.999545,-8.297416,17.794395,21.080536,-0.848597,24.576866,-31.140148,0.388466,-0.874387,2.469056,0.1271,-0.174799,1.045177,0.111944,-0.496689,1.545304
2.341939,5.878396,8.750576,36.420048,85.830872,149.36908,-0.000525,0.023944,0.032127,1.0,0.999713,0.999484,-7.690279,17.641518,22.491657,-0.9819,24.776352,-31.629894,0.412127,-0.8437,2.371229,0.151429,-0.151352,1.104398,0.124804,-0.49925,1.557898
2.56566,6.291845,9.294424,36.40477,85.771942,149.318359,0.001919,0.025544,0.033987,0.999998,0.999674,0.999422,-7.171794,17.629051,23.42762,-1.146129,24.913582,-31.873358,0.434208,-0.828566,2.32075,0.171004,-0.130699,1.141272,0.137723,-0.500672,1.571075
2.704146,6.789659,9.896358,35.688705,84.306366,147.567947,0.008597,0.0306,0.036373,0.999963,0.999532,0.999338,-6.596528,17.300507,24.774632,-1.131961,25.132759,-31.663769,0.472986,-0.716607,2.023273,0.227034,-0.161578,1.248198,0.140433,-0.515672,1.540597
2.928311,7.172509,10.408643,35.451347,83.932663,147.165558,0.011623,0.032263,0.038509,0.999932,0.999479,0.999258,-6.051475,17.206215,25.537676,-1.161658,25.355522,-31.381124,0.485468,-0.692928,1.902789,0.256018,-0.150311,1.319369,0.152343,-0.528069,1.546602
3.155273,7.577893,10.949273,35.497299,83.997711,147.242996,0.014379,0.034066,0.040518,0.999897,0.99942,0.999179,-5.584228,17.216454,25.976042,-1.209041,25.582527,-31.202183,0.501777,-0.681993,1.849678,0.281093,-0.136481,1.381834,0.164588,-0.533876,1.565229
3.195794,7.83074,11.280154,35.341522,83.634567,146.765076,0.023942,0.039968,0.042933,0.999713,0.999201,0.999078,-5.156698,16.809532,26.059162,-0.909195,25.658943,-30.926176,0.510455,-0.56635,1.563408,0.350105,-0.145668,1.570136,0.152079,-0.519555,1.561024
3.338247,8.08383,11.645243,35.279076,83.620079,146.757996,0.027882,0.042103,0.045013,0.999611,0.999113,0.998986,-4.821991,16.652565,25.914444,-0.691685,25.767616,-30.604097,0.504541,-0.535598,1.45854,0.375846,-0.130474,1.663341,0.156781,-0.517173,1.573838
3.50175,8.391438,12.07129,35.354759,83.798134,146.955368,0.030843,0.043923,0.046884,0.999524,0.999035,0.9989,-4.535053,16.619453,25.758436,-0.57053,25.899681,-30.345568,0.509129,-0.520731,1.41633,0.396884,-0.119185,1.729874,0.163778,-0.518582,1.589581
3.468935,8.431601,12.146991,35.192364,83.668129,146.785278,0.038146,0.048169,0.048948,0.999272,0.998839,0.998801,-4.172308,16.33802,25.140009,-0.219461,25.890678,-29.919006,0.49382,-0.41895,1.153008,0.453755,-0.10385,1.891882,0.147183,-0.494806,1.576877
3.577606,8.608812,12.408876,35.114964,83.628876,146.740402,0.041552,0.049927,0.050676,0.999136,0.998753,0.998715,-3.927045,16.221748,24.625935,0.042423,25.901817,-29.530872,0.47661,-0.38488,1.060793,0.474424,-0.08958,1.977715,0.149435,-0.483695,1.584248
3.533896,8.544388,12.353877,34.900208,83.49649,146.593674,0.047388,0.052899,0.052364,0.998877,0.9986,0.998628,-3.504014,16.096207,23.428356,0.423726,26.008461,-29.152189,0.434121,-0.300497,0.82533,0.520049,-0.057917,2.111285,0.131383,-0.450311,1.564917
3.646784,8.702398,12.573603,34.811611,83.413338,146.490051,0.050962,0.054394,0.053652,0.998701,0.99852,0.99856,-3.263796,16.054939,22.594803,0.729895,26.08812,-28.814528,0.414285,-0.270002,0.751876,0.537619,-0.044829,2.193129,0.134228,-0.432121,1.567321
3.787289,8.936907,12.877131,34.859093,83.548668,146.625336,0.053786,0.055673,0.054672,0.998552,0.998449,0.998504,-3.127539,16.084846,22.051462,0.918375,26.152931,-28.504168,0.409335,-0.256944,0.729877,0.550827,-0.039988,2.250679,0.139606,-0.424633,1.573219
3.778453,8.932371,12.890329,34.666977,83.488899,146.589661,0.058257,0.057349,0.055248,0.998302,0.998354,0.998473,-2.750613,16.190407,20.703339,1.179358,26.533211,-28.28075,0.355514,-0.191957,0.556501,0.573771,0.001759,2.334609,0.122839,-0.392326,1.552033
3.851211,8.997234,12.954956,34.58736,83.401962,146.484863,0.060854,0.057907,0.055402,0.998147,0.998322,0.998464,-2.570718,16.294357,19.812763,1.440327,26.797249,-28.053596,0.33892,-0.173384,0.510388,0.582052,0.014337,2.388355,0.124774,-0.377004,1.549537
3.923014,9.086638,13.039885,34.603069,83.46051,146.538544,0.062384,0.058096,0.055298,0.998052,0.998311,0.99847,-2.492126,16.401688,19.252199,1.633728,26.992622,-27.802502,0.333468,-0.167201,0.497431,0.587343,0.016019,2.424161,0.127782,-0.371828,1.550746
3.899073,8.971053,12.878711,34.423721,83.427094,146.572006,0.063805,0.058137,0.05465,0.997962,0.998309,0.998506,-2.203713,16.518227,17.835878,1.883355,27.555412,-27.695122,0.280338,-0.114293,0.37632,0.589339,0.047766,2.47426,0.113953,-0.343059,1.531127
3.932544,8.922123,12.75337,34.348503,83.333534,146.467346,0.064671,0.057493,0.05373,0.997907,0.998346,0.998555,-2.063743,16.589455,16.885408,2.153453,27.936394,-27.560585,0.26615,-0.104045,0.350004,0.593063,0.055495,2.506393,0.11542,-0.331982,1.526314
3.965363,8.903382,12.660464,34.34016,83.346352,146.477554,0.064731,0.056531,0.052653,0.997903,0.998401,0.998613,-1.991326,16.64846,16.270876,2.371526,28.200737,-27.378857,0.260669,-0.101513,0.343444,0.595978,0.053403,2.529001,0.117772,-0.32901,1.52504
3.963464,8.793438,12.423178,34.176369,83.366417,146.59108,0.063698,0.054749,0.050974,0.997969,0.9985,0.9987,-1.790269,16.658791,14.764652,2.749678,28.566551,-27.33782,0.219233,-0.060831,0.263884,0.592707,0.050521,2.584603,0.109182,-0.30472,1.505589
3.991753,8.699259,12.188897,34.107399,83.283173,146.500626,0.063359,0.052965,0.0491,0.997991,0.998596,0.998794,-1.681391,16.65477,13.705468,3.089018,28.822563,-27.202242,0.207759,-0.054667,0.248648,0.595586,0.050364,2.611127,0.111506,-0.295311,1.499279
4.008956,8.616632,11.970555,34.096043,83.2929,146.512466,0.062487,0.051034,0.047114,0.998046,0.998697,0.99889,-1.608222,16.65554,12.992432,3.353309,29.004051,-27.021791,0.202377,-0.053846,0.244488,0.597713,0.046345,2.630354,0.113859,-0.292091,1.496896
3.980349,8.483516,11.670725,33.996605,83.357971,146.658936,0.061143,0.048368,0.044436,0.998129,0.99883,0.999012,-1.557812,16.649055,11.54576,3.728058,29.158485,-26.962822,0.169168,-0.017783,0.201999,0.585676,0.028391,2.685497,0.106711,-0.260652,1.477146
4.004725,8.355194,11.344408,33.955116,83.295982,146.590683,0.060173,0.045644,0.041552,0.998188,0.998958,0.999136,-1.540199,16.653572,10.492493,4.055819,29.284462,-26.778002,0.15862,-0.013631,0.194923,0.587687,0.02695,2.70852,0.110139,-0.246637,1.471549
3.914012,8.092131,10.8777,33.92902,83.344185,146.671677,0.058908,0.042098,0.037927,0.998263,0.999114,0.999281,-1.677702,16.690636,9.035431,4.39528,29.466118,-26.672995,0.124435,0.01413,0.183186,0.58307,-0.009834,2.772794,0.105421,-0.203702,1.452955
3.940411,7.939147,10.469539,33.936417,83.336281,146.659653,0.057411,0.038331,0.034015,0.998351,0.999265,0.999421,-1.778132,16.7631,7.956613,4.704248,29.658913,-26.417841,0.114602,0.016815,0.183228,0.586871,-0.016568,2.80089,0.111323,-0.181862,1.44944
3.954412,7.792666,10.067356,33.980118,83.410011,146.744568,0.055416,0.034416,0.029911,0.998463,0.999408,0.999553,-1.840254,16.860893,7.167472,4.948896,29.838295,-26.126295,0.109153,0.017074,0.186258,0.588642,-0.019152,2.820703,0.116346,-0.167349,1.448732
3.771499,7.350947,9.361381,33.986996,83.357925,146.681229,0.052867,0.029634,0.025336,0.998601,0.999561,0.999679,-2.106083,16.968834,6.078613,5.241975,29.96299,-25.891615,0.081528,0.033138,0.188123,0.581047,-0.066765,2.877969,0.113275,-0.119814,1.4352
3.742597,7.103652,8.804416,34.019337,83.360985,146.682297,0.050242,0.024781,0.02049,0.998737,0.999693,0.99979,-2.274091,17.112724,5.240447,5.514956,30.147896,-25.553015,0.074407,0.034818,0.191856,0.579162,-0.075856,2.899288,0.117969,-0.094371,1.433833
3.537494,6.549749,7.928988,34.026009,83.166122,146.445877,0.046927,0.019124,0.015377,0.998898,0.999817,0.999882,-2.599446,17.316063,4.159488,5.915951,30.150536,-25.09679,0.047445,0.041584,0.196791,0.56465,-0.11551,2.949992,0.119617,-0.039575,1.423571
3.482465,6.250681,7.288368,34.050186,83.13353,146.408066,0.04351,0.013681,0.009989,0.999053,0.999906,0.99995,-2.793204,17.547676,3.378143,6.228893,30.299995,-24.628176,0.041446,0.041905,0.200442,0.560176,-0.125397,2.963763,0.125642,-0.010069,1.42344
3.313896,5.692848,6.358538,34.140938,83.001358,146.256638,0.039925,0.007367,0.00449,0.999203,0.999973,0.99999,-3.000959,17.86718,2.22361,6.770473,30.161079,-23.972401,0.015377,0.041298,0.200706,0.527901,-0.146993,3.01805,0.12961,0.04663,1.421584
3.226935,5.346836,5.646332,34.155319,82.948593,146.196991,0.036195,0.001613,-0.00131,0.999345,0.999999,0.999999,-3.126342,18.168037,1.440622,7.135016,30.247581,-23.408842,0.010943,0.041055,0.20586,0.517854,-0.15824,3.027152,0.135743,0.076445,1.42248
3.155139,5.044733,4.980123,34.183895,82.958786,146.210785,0.032425,-0.004154,-0.00728,0.999474,0.999991,0.999973,-3.178874,18.441643,0.892987,7.383928,30.418098,-22.948822,0.009528,0.040876,0.212902,0.510943,-0.163849,3.029805,0.139935,0.094421,1.423597
2.948061,4.414074,3.936371,34.256069,82.871147,146.139038,0.027923,-0.010568,-0.012958,0.99961,0.999944,0.999916,-3.244813,18.729225,-0.310561,7.923134,30.298164,-22.181696,-0.011147,0.038253,0.215976,0.475039,-0.175742,3.082075,0.138876,0.135956,1.424229
2.799135,3.973477,3.116663,34.291447,82.886459,146.15773,0.023673,-0.01646,-0.018777,0.99972,0.999864,0.999824,-3.220075,18.955101,-1.103881,8.319868,30.352654,-21.574286,-0.015028,0.03932,0.225661,0.457979,-0.188808,3.093591,0.139432,0.154233,1.426572
2.559524,3.272826,1.995697,34.346146,82.880173,146.194366,0.017023,-0.022562,-0.02379,0.999855,0.999745,0.999717,-3.139297,19.105934,-2.730141,8.904052,30.263161,-20.29595,-0.031172,0.046742,0.243055,0.435576,-0.223879,3.158191,0.135009,0.184338,1.424046
2.368084,2.771008,1.142112,34.413429,82.935448,146.249741,0.012237,-0.028102,-0.028861,0.999925,0.999605,0.999583,-2.982264,19.197319,-3.755393,9.355562,30.263741,-19.306425,-0.036305,0.050945,0.256856,0.413156,-0.248834,3.179785,0.13193,0.197278,1.428014
2.10512,2.055453,0.036848,34.472775,82.986916,146.341751,0.004702,-0.033031,-0.032829,0.999989,0.999454,0.999461,-2.767528,19.224899,-5.622697,9.926744,30.112587,-17.342899,-0.050948,0.065987,0.291765,0.402595,-0.305225,3.255027,0.124488,0.217466,1.422706
1.873332,1.512779,-0.803028,34.585129,83.089088,146.442474,-0.000144,-0.037665,-0.036771,1.0,0.99929,0.999324,-2.497638,19.233833,-6.755558,10.374755,30.010628,-15.850166,-0.055889,0.073402,0.308918,0.372121,-0.334567,3.283896,0.118064,0.227209,1.429207
1.672744,1.043114,-1.553404,34.696293,83.204697,146.559662,-0.003781,-0.041771,-0.040728,0.999993,0.999127,0.99917,-2.249459,19.232765,-7.457516,10.697999,29.905312,-14.713029,-0.059107,0.079033,0.32068,0.343931,-0.353162,3.301293,0.110909,0.233205,1.435251
1.422823,0.417931,-2.487555,34.638565,83.046356,146.39006,-0.009607,-0.044832,-0.043677,0.999954,0.998995,0.999046,-2.017891,19.169518,-9.007212,11.07293,29.637062,-12.434432,-0.070835,0.095428,0.364203,0.338057,-0.40485,3.36474,0.100193,0.241037,1.423002
1.173882,-0.110459,-3.245063,34.726063,83.104515,146.440582,-0.013354,-0.04811,-0.046572,0.999911,0.998842,0.998915,-1.734353,19.120033,-9.922782,11.360713,29.428093,-10.704881,-0.074362,0.104533,0.380413,0.301922,-0.422863,3.388,0.091142,0.246268,1.428272
0.890272,-0.740133,-4.114634,34.630302,82.887726,146.185104,-0.01596,-0.049631,-0.048882,0.999873,0.998768,0.998805,-1.521974,19.002907,-11.50708,11.595518,28.992043,-7.948325,-0.078931,0.11796,0.435835,0.283677,-0.462897,3.441256,0.075924,0.238732,1.416248
0.622542,-1.280498,-4.847313,34.726299,82.925148,146.205917,-0.018128,-0.051678,-0.051251,0.999836,0.998664,0.998686,-1.253097,18.913216,-12.455822,11.732223,28.639778,-5.761315,-0.081119,0.12755,0.452734,0.239565,-0.475755,3.456098,0.063168,0.235282,1.422007
0.332756,-1.868542,-5.626485,34.683578,82.827057,146.065628,-0.01819,-0.052727,-0.053448,0.999835,0.998609,0.998571,-1.084966,18.852669,-13.950481,11.837265,28.013954,-2.733747,-0.071911,0.137128,0.520708,0.196558,-0.497813,3.48494,0.044983,0.209747,1.415016
0.060481,-2.419726,-6.361535,34.787064,82.829338,146.0345,-0.018918,-0.05395,-0.055861,0.999821,0.998544,0.998439,-0.859915,18.811623,-14.86131,11.834351,27.536736,-0.18583,-0.07267,0.147499,0.54174,0.139713,-0.503297,3.480344,0.028844,0.195012,1.421649
-0.181764,-2.920271,-7.046337,34.918415,82.887901,146.073837,-0.02031,-0.055485,-0.058365,0.999794,0.998459,0.998295,-0.666958,18.76078,-15.444748,11.741352,27.193825,1.96274,-0.072672,0.158064,0.556668,0.087296,-0.50771,3.473531,0.013633,0.182535,1.430764
-0.335567,-3.272357,-7.562983,34.931023,82.803322,145.924423,-0.020153,-0.056968,-0.060967,0.999797,0.998376,0.99814,-0.631441,18.849197,-16.611279,11.67432,26.579338,4.994363,-0.05707,0.170222,0.63683,0.032432,-0.508998,3.463504,-0.000962,0.144318,1.431647
-0.521311,-3.684185,-8.150994,35.012291,82.715561,145.781204,-0.021091,-0.058252,-0.063783,0.999778,0.998302,0.997964,-0.566709,18.926491,-17.288486,11.508942,26.183617,7.700793,-0.058837,0.182469,0.664199,-0.022017,-0.508815,3.433527,-0.014934,0.117535,1.44067
-0.593975,-3.909148,-8.526982,35.079922,82.602577,145.589157,-0.022266,-0.060283,-0.066725,0.999752,0.998181,0.997771,-0.694408,19.113945,-18.427044,11.334645,25.587914,10.971766,-0.049731,0.191961,0.751037,-0.086525,-0.506,3.37957,-0.023662,0.072816,1.45123
-0.732123,-4.24504,-9.028119,35.126587,82.468452,145.40062,-0.023852,-0.061656,-0.069723,0.999716,0.998097,0.997566,-0.796336,19.268066,-19.053501,11.051267,25.278366,13.802367,-0.055501,0.206875,0.786494,-0.134309,-0.505017,3.327862,-0.03442,0.038589,1.463387
-0.731028,-4.383638,-9.303507,35.219456,82.392166,145.270874,-0.028856,-0.064635,-0.072461,0.999584,0.997909,0.997371,-1.125347,19.430344,-20.068277,10.702194,24.848076,16.834332,-0.052598,0.214554,0.866663,-0.20502,-0.493651,3.232013,-0.033124,-0.006901,1.482459
-0.80156,-4.610072,-9.654934,35.219021,82.25058,145.093964,-0.031561,-0.065955,-0.074927,0.999502,0.997823,0.997189,-1.416723,19.571281,-20.564997,10.333086,24.716217,19.403975,-0.058112,0.233482,0.900471,-0.242386,-0.489946,3.171024,-0.037612,-0.04365,1.495797
-0.733629,-4.624754,-9.763137,35.25227,82.077492,144.870285,-0.039434,-0.06949,-0.076834,0.999222,0.997583,0.997044,-1.937725,19.661461,-21.418766,9.960424,24.352455,21.851807,-0.057002,0.238831,0.975127,-0.303549,-0.475087,3.029978,-0.029439,-0.08619,1.51627
-0.756347,-4.755791,-9.961596,35.220226,81.945755,144.72168,-0.042021,-0.070251,-0.078297,0.999117,0.997529,0.99693,-2.345047,19.788429,-21.806534,9.645351,24.27578,23.865166,-0.063092,0.25971,1.006952,-0.325543,-0.472731,2.963633,-0.030119,-0.121036,1.529226
-0.802283,-4.889293,-10.149249,35.198845,81.845062,144.601028,-0.044053,-0.070741,-0.079418,0.999029,0.997495,0.996841,-2.646031,19.939949,-21.956982,9.370473,24.349701,25.476791,-0.067947,0.277165,1.029697,-0.340612,-0.475418,2.914194,-0.032039,-0.14842,1.538997
-0.730218,-4.848321,-10.155666,35.167179,81.577065,144.268341,-0.05289,-0.074411,-0.079961,0.9986,0.997228,0.996798,-3.094979,20.042717,-22.551807,9.183312,23.906715,26.669752,-0.069429,0.277148,1.090819,-0.376556,-0.455401,2.746725,-0.023321,-0.174415,1.553868
-0.716445,-4.890678,-10.201585,35.139599,81.508842,144.200836,-0.054815,-0.074585,-0.080092,0.998496,0.997215,0.996787,-3.401872,20.190399,-22.841164,9.080388,23.695763,27.640369,-0.074913,0.291355,1.117323,-0.381486,-0.455684,2.692615,-0.02189,-0.198983,1.564825
-0.6393,-4.826751,-10.14852,34.961548,81.013657,143.615173,-0.062835,-0.077559,-0.079836,0.998024,0.996988,0.996808,-3.793788,20.283592,-23.480862,9.031809,22.914589,28.104176,-0.075878,0.290449,1.158691,-0.407653,-0.432885,2.488958,-0.013086,-0.220699,1.570421
-0.597711,-4.79812,-10.079371,34.869473,80.873497,143.473389,-0.064262,-0.07728,-0.079219,0.997933,0.997009,0.996857,-4.08188,20.393715,-23.817116,9.046938,22.459724,28.519377,-0.080781,0.297101,1.181175,-0.40718,-0.434546,2.432267,-0.009729,-0.245426,1.576287
-0.52481,-4.759701,-10.017451,34.543446,80.213097,142.719986,-0.069614,-0.079085,-0.078485,0.997574,0.996868,0.996915,-4.374704,20.57505,-24.546438,8.932354,21.570641,28.512573,-0.077175,0.290595,1.205811,-0.431013,-0.410429,2.200252,0.00148,-0.274949,1.568799
-0.455534,-4.664174,-9.850469,34.376873,79.994476,142.493118,-0.070597,-0.078482,-0.077426,0.997505,0.996916,0.996998,-4.645319,20.706955,-24.919773,8.925497,21.029305,28.566,-0.080687,0.288073,1.228196,-0.428661,-0.412795,2.134818,0.007385,-0.304336,1.56812
-0.381361,-4.654339,-9.774696,33.963856,79.283485,141.709854,-0.073138,-0.078913,-0.076381,0.997322,0.996881,0.997079,-4.869524,21.077225,-25.834166,8.632739,20.062843,28.172987,-0.077017,0.276132,1.251776,-0.444901,-0.384551,1.864243,0.023287,-0.341399,1.549642
-0.288007,-4.501926,-9.525826,33.7416,79.028618,141.447525,-0.073762,-0.078018,-0.075025,0.997276,0.996952,0.997182,-5.157072,21.308388,-26.301348,8.533553,19.449913,27.897842,-0.079864,0.267619,1.281074,-0.440749,-0.386042,1.791606,0.031829,-0.374351,1.543963
-0.204842,-4.347337,-9.264111,33.673687,78.969536,141.386993,-0.073283,-0.076634,-0.073499,0.997311,0.997059,0.997295,-5.435147,21.496849,-26.540031,8.513805,19.05442,27.711838,-0.081596,0.25632,1.306727,-0.437839,-0.393206,1.759724,0.038156,-0.39981,1.543748
-0.243762,-4.478747,-9.295616,33.301746,78.396263,140.788818,-0.074463,-0.076114,-0.072034,0.997224,0.997099,0.997402,-5.5496,22.008766,-27.350615,8.110303,18.268372,26.936113,-0.079112,0.229722,1.348195,-0.441192,-0.360645,1.468537,0.053352,-0.428549,1.52095
-0.171941,-4.331068,-9.029217,33.110027,78.255753,140.660538,-0.074407,-0.074868,-0.070323,0.997228,0.997193,0.997524,-5.784751,22.326569,-27.718496,7.935063,17.764717,26.333342,-0.081747,0.217863,1.393645,-0.435779,-0.358285,1.399674,0.061528,-0.453425,1.514946
-0.236699,-4.439977,-9.00458,32.769108,77.897331,140.315811,-0.075581,-0.074133,-0.068611,0.99714,0.997248,0.997643,-5.910182,22.968285,-28.429243,7.404246,17.114433,25.188745,-0.082613,0.175772,1.465218,-0.413194,-0.324198,1.087539,0.077407,-0.473245,1.495087
-0.179212,-4.27537,-8.701432,32.637829,77.926193,140.381012,-0.074793,-0.07247,-0.06671,0.997199,0.997371,0.997772,-6.186191,23.390404,-28.712475,7.131456,16.696228,24.295656,-0.08438,0.162142,1.534284,-0.403452,-0.318171,1.020542,0.084974,-0.490937,1.490285
-0.187165,-4.216074,-8.470804,32.322819,77.70842,140.200348,-0.075549,-0.070801,-0.064779,0.997142,0.99749,0.9979,-6.44439,24.111664,-29.249506,6.578825,16.283821,22.914022,-0.086147,0.12655,1.613994,-0.360911,-0.289745,0.72693,0.103638,-0.496455,1.473154
-0.123284,-3.995132,-8.09013,32.21553,77.811119,140.3526,-0.074644,-0.068724,-0.06266,0.99721,0.997636,0.998035,-6.832421,24.621315,-29.480061,6.288609,16.00898,21.817766,-0.083852,0.122365,1.688314,-0.347621,-0.281463,0.670921,0.111222,-0.503712,1.466729
-0.045261,-3.769327,-7.699015,32.230007,78.00145,140.581696,-0.073325,-0.066357,-0.060416,0.997308,0.997796,0.998173,-7.213753,25.008064,-29.555428,6.133442,15.809486,21.02305,-0.080005,0.114624,1.745142,-0.341913,-0.279073,0.64831,0.117691,-0.512306,1.466763
-0.04694,-3.55793,-7.279746,31.978609,78.006165,140.661835,-0.07326,-0.06339,-0.058356,0.997313,0.997989,0.998296,-7.574684,25.770256,-29.871758,5.587268,15.674156,19.545132,-0.084383,0.091743,1.811747,-0.292285,-0.252268,0.42743,0.136244,-0.497642,1.444856
0.030201,-3.286551,-6.841167,31.901093,78.120979,140.823227,-0.072083,-0.061157,-0.056186,0.997399,0.998128,0.99842,-8.011615,26.316895,-30.022333,5.304718,15.573235,18.415146,-0.078689,0.096199,1.876274,-0.278995,-0.24316,0.393606,0.14314,-0.492334,1.436797
0.127817,-3.014394,-6.400915,31.908939,78.286179,141.027328,-0.070734,-0.058784,-0.053945,0.997495,0.998271,0.998544,-8.410892,26.7164,-30.109362,5.161117,15.473526,17.621885,-0.071217,0.0967,1.922555,-0.273736,-0.240798,0.38089,0.150384,-0.492927,1.435074
0.108981,-2.720276,-5.90886,31.704271,78.369957,141.200134,-0.070967,-0.056174,-0.052061,0.997479,0.998421,0.998644,-8.792931,27.448906,-30.410387,4.642848,15.454918,15.830653,-0.076085,0.075556,1.993806,-0.224575,-0.201211,0.231297,0.166648,-0.458357,1.407819
0.193747,-2.424093,-5.456755,31.641785,78.488045,141.367935,-0.069509,-0.054105,-0.050176,0.997581,0.998535,0.99874,-9.214871,27.946831,-30.645624,4.348523,15.402924,14.546827,-0.070104,0.086628,2.053162,-0.212936,-0.189029,0.209791,0.172893,-0.443583,1.39975
0.301091,-2.141316,-5.027411,31.634701,78.623367,141.54538,-0.06814,-0.052084,-0.0483,0.997676,0.998643,0.998833,-9.587356,28.284233,-30.889454,4.200218,15.310127,13.695706,-0.060987,0.092302,2.093012,-0.20949,-0.185051,0.19977,0.180545,-0.439117,1.397724
0.216803,-1.936542,-4.679345,31.48695,78.774971,141.784882,-0.066666,-0.049271,-0.046892,0.997775,0.998785,0.9989,-9.918971,28.83445,-31.371363,3.740632,15.255836,11.74456,-0.069099,0.068541,2.169896,-0.171082,-0.123841,0.121365,0.188576,-0.393669,1.365112
0.271025,-1.718978,-4.345576,31.43321,78.892891,141.95636,-0.06504,-0.047477,-0.045496,0.997883,0.998872,0.998965,-10.256745,29.184853,-31.810926,3.44045,15.167084,10.414821,-0.064305,0.083749,2.219705,-0.162142,-0.109213,0.107344,0.191967,-0.374706,1.357517
0.140018,-1.641895,-4.147784,31.325377,79.164703,142.33316,-0.061983,-0.043969,-0.044264,0.998077,0.999033,0.99902,-10.568883,29.66552,-32.370686,2.876773,15.062096,8.25926,-0.072804,0.076898,2.30193,-0.129256,-0.047579,0.082678,0.190472,-0.322414,1.321467
0.105182,-1.55659,-3.961922,31.403673,79.584846,142.858032,-0.060604,-0.042091,-0.042973,0.998162,0.999114,0.999076,-10.863523,30.046669,-33.176594,2.499978,14.912086,6.818723,-0.07793,0.112204,2.376633,-0.117753,-0.030893,0.073343,0.188003,-0.294969,1.324669
0.129288,-1.42214,-3.732217,31.397455,79.738907,143.05954,-0.059591,-0.040509,-0.04161,0.998223,0.999179,0.999134,-11.092723,30.251289,-33.807014,2.28257,14.763695,5.880809,-0.072524,0.126176,2.41448,-0.111483,-0.023462,0.065071,0.188123,-0.282467,1.3218
-0.071019,-1.496355,-3.692972,31.329863,79.959587,143.326828,-0.056933,-0.036964,-0.040074,0.998378,0.999317,0.999197,-11.216755,30.499916,-33.889526,1.917383,14.629707,4.198993,-0.074174,0.106962,2.493973,-0.08326,0.019343,0.077201,0.173237,-0.234958,1.284997
-0.105584,-1.462591,-3.556994,31.296394,80.010811,143.386536,-0.055742,-0.034892,-0.038252,0.998445,0.999391,0.999268,-11.29819,30.564827,-33.90049,1.722408,14.528786,3.073451,-0.075094,0.11254,2.536826,-0.068562,0.029438,0.067567,0.166632,-0.212143,1.276173
-0.324047,-1.56528,-3.505963,31.338837,80.260345,143.642349,-0.051567,-0.030237,-0.036027,0.99867,0.999543,0.999351,-11.237476,30.592873,-33.068573,1.513382,14.383736,1.420519,-0.080265,0.082608,2.638994,-0.038111,0.05819,0.095085,0.142387,-0.157807,1.247472
-0.380308,-1.559797,-3.365681,31.41938,80.420341,143.785934,-0.050358,-0.027412,-0.033343,0.998731,0.999624,0.999444,-11.170106,30.502693,-32.413013,1.443795,14.337395,0.259319,-0.085674,0.078404,2.690928,-0.017658,0.065599,0.088912,0.13178,-0.126421,1.240969
-0.606028,-1.669731,-3.274479,31.772114,80.985237,144.348251,-0.045212,-0.021966,-0.030285,0.998977,0.999759,0.999541,-10.963027,30.413338,-30.771074,1.404669,14.303108,-1.174313,-0.094588,0.01731,2.804484,0.003177,0.076203,0.114684,0.101778,-0.080595,1.234819
-0.66459,-1.652943,-3.073797,32.016945,81.333061,144.673676,-0.043637,-0.018382,-0.026683,0.999047,0.999831,0.999644,-10.809677,30.29731,-29.525723,1.430547,14.369812,-2.253271,-0.102592,-0.005492,2.859382,0.021857,0.078038,0.113942,0.089385,-0.050748,1.235639
-0.889338,-1.739913,-2.893936,32.704445,82.266838,145.646744,-0.037167,-0.012315,-0.022744,0.999309,0.999924,0.999741,-10.610141,30.176613,-27.502161,1.626597,14.582001,-3.365373,-0.107363,-0.075364,2.965749,0.034941,0.081897,0.145869,0.053438,-0.011148,1.252382
-0.929326,-1.687804,-2.60115,33.06501,82.716431,146.076248,-0.034746,-0.007902,-0.018248,0.999396,0.999969,0.999834,-10.455935,30.067574,-26.042204,1.784548,14.804649,-4.211501,-0.112486,-0.103039,3.015472,0.047688,0.080348,0.152027,0.042328,0.016554,1.263806
-1.111878,-1.731693,-2.33726,33.989437,83.945793,147.428726,-0.02732,-0.00185,-0.013823,0.999627,0.999998,0.999904,-10.340326,29.872078,-24.068821,2.070831,15.232185,-5.074017,-0.107259,-0.186349,3.117387,0.05086,0.078085,0.179718,0.008131,0.048862,1.297802
-1.137828,-1.658361,-1.99236,34.431824,84.461304,147.926285,-0.024327,0.002852,-0.008904,0.999704,0.999996,0.99996,-10.216114,29.749046,-22.584705,2.251243,15.574654,-5.741892,-0.108763,-0.22248,3.16574,0.057151,0.077487,0.193919,-0.000889,0.072661,1.318464
-1.267321,-1.648297,-1.659127,35.318165,85.597351,149.190674,-0.017009,0.008382,-0.004459,0.999855,0.999965,0.99999,-10.207826,29.482338,-20.64599,2.447962,16.062912,-6.503625,-0.114632,-0.324009,3.265619,0.052549,0.069303,0.212472,-0.031168,0.097646,1.358244
-1.270535,-1.520479,-1.245508,35.717255,86.027771,149.59436,-0.0138,0.012931,0.000405,0.999905,0.999916,1.0,-10.190784,29.347511,-19.146267,2.545183,16.426552,-7.071076,-0.115102,-0.361908,3.311932,0.055358,0.068724,0.232979,-0.03802,0.114887,1.379784
-7.255894,-26.634489,-63.07732,33.895321,76.491211,125.031326,-0.357737,-0.525852,-0.594477,0.933823,0.850576,0.804112,-10.284575,29.008324,-17.296919,2.731181,16.819237,-7.770608,-0.12423,-0.46161,3.407046,0.042623,0.050994,0.247978,-0.061608,0.123932,1.411564
-10.634406,-35.672249,-76.732246,31.963573,71.935127,118.485962,-0.487687,-0.638904,-0.680199,0.873019,0.769286,0.733028,-7.933698,27.678673,-14.317548,6.435144,17.024071,-6.848503,-0.331636,-0.386035,3.175757,-0.007569,-0.080077,0.233701,-0.154363,0.147079,1.329339
-11.722545,-38.261082,-79.617981,29.704069,67.898056,114.167686,-0.509346,-0.654284,-0.683309,0.860562,0.756249,0.73013,-6.153625,26.174515,-11.274493,9.612316,16.877655,-6.458067,-0.466941,-0.402308,2.922106,-0.030934,-0.160822,0.308993,-0.193667,0.164434,1.220486
-14.782783,-50.37009,-108.341484,22.784981,41.636387,51.982613,-0.777367,-0.957159,-0.982075,0.629047,0.289564,0.188492,-5.178843,25.144875,-9.116311,11.512094,16.595856,-6.126657,-0.49172,-0.379769,2.779299,-0.037625,-0.183618,0.315298,-0.211307,0.164809,1.168517
-15.489935,-53.685097,-113.97287,17.313204,30.366478,36.581738,-0.841628,-0.987849,-0.996467,0.540057,0.155414,0.083982,-4.964874,24.322517,-5.073331,14.478079,16.125816,-3.958918,-0.42026,-0.33988,2.20119,-0.089289,-0.202935,0.333019,-0.161202,0.107536,0.931765
-15.51426,-54.283932,-115.006409,14.525189,26.088705,32.501289,-0.84967,-0.989575,-0.996372,0.527314,0.14402,0.085106,-4.906866,23.655975,-1.81281,16.480141,15.781487,-1.816235,-0.385614,-0.315005,1.858348,-0.103813,-0.204262,0.30699,-0.142316,0.058276,0.787648
-15.489885,-54.487835,-115.290207,13.272999,24.481874,31.709274,-0.847693,-0.98794,-0.994761,0.530488,0.154838,0.102223,-4.859652,23.094109,0.404626,17.849934,15.575951,-0.259129,-0.362499,-0.317849,1.686175,-0.109418,-0.202922,0.298028,-0.133272,0.031282,0.715012
-15.492126,-54.668633,-115.337494,12.350306,23.164127,31.155855,-0.847174,-0.986128,-0.992479,0.531316,0.165989,0.122415,-4.759342,22.456566,1.906328,19.242912,15.202415,0.358037,-0.30716,-0.322867,1.524009,-0.112274,-0.205219,0.262882,-0.124837,0.021078,0.63458
-15.470228,-54.688904,-115.276367,11.882418,22.95225,32.05368,-0.842788,-0.98312,-0.989708,0.538246,0.182961,0.143101,-4.691031,22.048462,2.878303,20.102724,15.019272,0.785818,-0.291639,-0.314485,1.446146,-0.11255,-0.20148,0.253408,-0.122165,0.015421,0.598746
-15.440794,-54.706467,-115.091438,11.306792,22.456228,32.643044,-0.839365,-0.979742,-0.986354,0.543568,0.200262,0.164639,-4.517244,21.421783,3.349048,20.942284,14.852272,0.493077,-0.262808,-0.311071,1.308777,-0.110445,-0.19683,0.207701,-0.117779,0.001331,0.535206
-15.438395,-54.72271,-114.948586,11.060478,22.665367,34.083565,-0.834184,-0.975731,-0.982479,0.551486,0.218972,0.186371,-4.425539,21.058601,3.670073,21.432486,14.83329,0.320719,-0.260012,-0.299071,1.239424,-0.109655,-0.19869,0.202354,-0.117214,-0.006692,0.508404
-15.442628,-54.693542,-114.705841,11.036224,23.235607,35.922199,-0.828239,-0.971226,-0.978088,0.560375,0.238158,0.208189,-4.354433,20.850212,3.851346,21.741262,14.867477,0.13848,-0.261273,-0.291563,1.199383,-0.108569,-0.200422,0.201477,-0.117678,-0.011817,0.493646
-15.575874,-54.897545,-114.648735,10.959211,23.57556,37.546047,-0.823293,-0.966097,-0.973084,0.567617,0.258179,0.23045,-4.169758,20.390968,3.916917,22.191641,15.063919,-0.714044,-0.264271,-0.301138,1.092202,-0.101921,-0.197185,0.177285,-0.123696,-0.034331,0.459438
-15.60476,-54.894928,-114.380554,10.968482,24.228195,39.517193,-0.817334,-0.960583,-0.967502,0.576164,0.277992,0.252864,-4.0347,20.13269,4.019383,22.448204,15.234627,-1.302752,-0.270438,-0.292535,1.040619,-0.100851,-0.201101,0.178464,-0.125079,-0.044754,0.4445
-15.608371,-54.802193,-113.964912,11.087383,25.053066,41.6745,-0.810731,-0.954549,-0.961345,0.585419,0.298054,0.275347,-3.91961,19.985077,4.068005,22.609884,15.3619,-1.768193,-0.27436,-0.285611,1.012769,-0.099916,-0.204596,0.17971,-0.126071,-0.050716,0.436099
-15.946544,-55.141083,-113.963593,11.363761,25.878326,43.873165,-0.80473,-0.947621,-0.954524,0.593642,0.319396,0.298135,-3.763333,19.674461,4.171638,22.97093,15.702385,-2.747421,-0.280062,-0.299114,0.951704,-0.095963,-0.202947,0.170355,-0.144332,-0.07125,0.426772
-16.003073,-55.110931,-113.557617,11.522615,26.791786,46.155338,-0.798266,-0.940575,-0.947063,0.602306,0.339587,0.321049,-3.595919,19.509209,4.286512,23.196194,15.93589,-3.484051,-0.289302,-0.291395,0.91736,-0.094736,-0.20424,0.174962,-0.147992,-0.079159,0.419492
-16.003817,-54.954933,-112.966324,11.72149,27.772339,48.511936,-0.791134,-0.932962,-0.938966,0.611642,0.359975,0.344009,-3.426058,19.414017,4.314054,23.350454,16.089409,-4.079548,-0.293036,-0.284661,0.900195,-0.093988,-0.206125,0.176918,-0.150112,-0.082814,0.415353
-16.601242,-55.429928,-113.014442,12.154669,28.776117,50.99416,-0.784385,-0.924085,-0.9301,0.620274,0.382188,0.367307,-3.284052,19.330673,4.217971,23.820606,16.515358,-5.148221,-0.292663,-0.285865,0.88207,-0.092444,-0.189549,0.178784,-0.187762,-0.085921,0.423604
-16.735128,-55.454269,-112.555664,12.355353,29.786852,53.421371,-0.777942,-0.915412,-0.920471,0.628336,0.402518,0.390811,-3.073448,19.327721,4.150426,24.1546,16.78241,-5.994289,-0.305955,-0.27848,0.860559,-0.090823,-0.18457,0.184433,-0.196507,-0.085773,0.418951
-16.758125,-55.273708,-111.818573,12.563362,30.809023,55.861774,-0.770438,-0.906013,-0.910103,0.637515,0.42325,0.414381,-2.851834,19.337944,4.034315,24.377935,16.94651,-6.67395,-0.312493,-0.272627,0.84769,-0.089536,-0.183519,0.1872,-0.201141,-0.085466,0.415224
-17.403452,-55.559872,-111.526543,13.089674,31.92342,58.538929,-0.762781,-0.894683,-0.898759,0.646657,0.446702,0.438443,-2.773728,19.549232,3.651592,24.877493,17.366066,-7.687753,-0.294083,-0.263703,0.872156,-0.087452,-0.155326,0.199783,-0.249168,-0.065548,0.435267
-17.570192,-55.531723,-110.865349,13.352192,33.043121,61.128571,-0.755621,-0.883763,-0.886522,0.65501,0.467935,0.462686,-2.58875,19.76442,3.428813,25.212805,17.617836,-8.509208,-0.309473,-0.257544,0.869948,-0.08505,-0.14465,0.205235,-0.262204,-0.056197,0.433873
-18.098087,-55.494358,-110.119583,14.016644,34.496632,64.224876,-0.745225,-0.869895,-0.873282,0.666813,0.493236,0.487214,-2.528881,20.260292,2.947558,25.691254,17.942909,-9.555665,-0.276849,-0.236399,0.920754,-0.076852,-0.112758,0.220707,-0.310879,-0.021068,0.465925
-18.224936,-55.321518,-109.18895,14.376454,35.787643,67.024734,-0.736405,-0.856934,-0.85913,0.676541,0.515426,0.511758,-2.361908,20.656189,2.656383,25.987024,18.122246,-10.419498,-0.292897,-0.231922,0.934724,-0.074727,-0.100197,0.228291,-0.324618,-0.007351,0.47133
-18.219818,-54.929394,-107.96254,14.70489,37.024662,69.749123,-0.725811,-0.843024,-0.844164,0.687894,0.537876,0.536085,-2.160144,20.935448,2.464718,26.133261,18.215652,-11.123273,-0.30566,-0.230624,0.942591,-0.072569,-0.095727,0.237513,-0.332575,-0.001222,0.475583
-18.401091,-54.32486,-106.477417,15.580962,38.941505,73.354233,-0.709769,-0.825037,-0.828375,0.704434,0.565078,0.560174,-1.985548,21.301186,2.259185,26.30192,18.35347,-12.38617,-0.267059,-0.224095,0.975733,-0.059325,-0.071578,0.261884,-0.369147,0.021595,0.526332
-18.352678,-53.799393,-105.015076,16.101587,40.50671,76.427574,-0.697729,-0.809063,-0.811798,0.716362,0.587722,0.583938,-1.734003,21.580254,2.228244,26.334175,18.470512,-13.469767,-0.278838,-0.222303,0.989835,-0.056972,-0.061814,0.280519,-0.377319,0.027789,0.541959
-18.326359,-52.90115,-103.14257,17.233122,42.999542,80.66169,-0.679916,-0.788832,-0.794446,0.73329,0.614609,0.607334,-1.447717,21.735207,2.549864,26.213068,18.698944,-15.257018,-0.241456,-0.223884,0.987266,-0.038404,-0.038211,0.314323,-0.406488,0.040631,0.608079
-18.21891,-52.228222,-101.432198,17.910456,44.838631,84.004234,-0.666151,-0.770978,-0.776403,0.745817,0.636861,0.630237,-1.109188,21.901062,2.932384,26.020437,18.910484,-16.720634,-0.255434,-0.220713,0.993853,-0.037832,-0.027952,0.343674,-0.414165,0.043486,0.632458
-18.094196,-51.294765,-99.451843,19.264645,47.842033,88.779938,-0.64881,-0.749719,-0.75751,0.76095,0.661756,0.652824,-0.758487,21.756859,3.64325,25.642017,19.175705,-18.981165,-0.219469,-0.221499,0.954226,-0.018108,-0.014938,0.377254,-0.438001,0.042605,0.709152
-17.989017,-50.604031,-97.646317,20.118401,49.96254,92.392044,-0.633668,-0.730306,-0.738047,0.773605,0.68312,0.674749,-0.352346,21.743156,4.312541,25.307274,19.392166,-20.814514,-0.23559,-0.219254,0.941293,-0.022558,-0.011725,0.414203,-0.445378,0.039816,0.743281
-17.831509,-49.823696,-95.706947,20.806223,51.777279,95.60524,-0.617806,-0.710638,-0.7182,0.786331,0.703558,0.695836,0.006421,21.767181,4.880346,25.031673,19.556305,-22.216148,-0.251891,-0.219255,0.935947,-0.027101,-0.008547,0.441303,-0.44901,0.038212,0.767663
-17.559723,-48.720123,-93.462082,22.009857,54.677422,100.183685,-0.599429,-0.688334,-0.697866,0.800428,0.725394,0.716228,0.326508,21.585907,5.578285,24.52062,19.809021,-24.67248,-0.217295,-0.219967,0.871596,-0.004355,0.006454,0.483922,-0.46669,0.026817,0.845724
-17.372066,-47.874569,-91.42012,22.949144,56.874905,103.744987,-0.582726,-0.667927,-0.677342,0.812669,0.744227,0.735668,0.706046,21.495667,6.261681,24.140284,20.012207,-26.613363,-0.226618,-0.219368,0.845308,-0.012781,0.007895,0.526724,-0.469866,0.020643,0.885728
-16.981392,-46.705101,-89.086853,23.944399,59.396194,107.747452,-0.563226,-0.645343,-0.65671,0.826303,0.763893,0.754143,1.094705,21.348114,6.718455,23.656334,20.230209,-28.990068,-0.186651,-0.212004,0.758621,0.023454,0.005691,0.608014,-0.48292,0.003063,0.959263
-16.74773,-45.809849,-87.000137,24.96295,61.679916,111.327293,-0.545243,-0.624186,-0.636028,0.838278,0.781276,0.771666,1.65341,21.297112,7.079455,23.309261,20.334175,-30.981009,-0.195512,-0.205417,0.713456,0.012983,0.013955,0.684314,-0.486547,0.012341,1.012491
-16.303164,-44.582443,-84.562836,25.648195,63.645893,114.546753,-0.525968,-0.602436,-0.615526,0.850504,0.798167,0.788117,2.299317,21.328384,6.924035,22.973833,20.424667,-33.071548,-0.164959,-0.193676,0.642983,0.059224,0.032018,0.774274,-0.492423,0.01571,1.068512
-16.017284,-43.627342,-82.411301,26.307915,65.277016,117.263107,-0.509197,-0.582701,-0.59508,0.86065,0.812687,0.803667,2.844338,21.379562,6.77655,22.7416,20.512863,-34.611675,-0.165039,-0.182992,0.602877,0.053811,0.043974,0.81594,-0.490013,0.023883,1.095526
-15.756425,-42.706764,-80.297073,26.870974,66.696777,119.68837,-0.492953,-0.563066,-0.574699,0.870056,0.826412,0.818365,3.256165,21.456573,6.602462,22.582018,20.575073,-35.738087,-0.168817,-0.172374,0.576203,0.046225,0.051766,0.842191,-0.487599,0.033978,1.116122
-15.281317,-41.415581,-77.758812,27.104671,67.92028,121.910339,-0.474956,-0.542358,-0.554597,0.880009,0.840148,0.832119,3.768492,21.594719,5.827543,22.497801,20.624733,-37.092148,-0.144205,-0.167648,0.519114,0.0852,0.080474,0.931367,-0.485242,0.048985,1.143561
-14.931273,-40.37561,-75.535385,27.522636,69.056213,123.91011,-0.458653,-0.523074,-0.534584,0.888615,0.852287,0.845115,4.155759,21.66494,5.271571,22.425251,20.667267,-38.103737,-0.143887,-0.152669,0.47718,0.083004,0.096074,0.974924,-0.479191,0.065531,1.157774
-14.343899,-38.952168,-72.865326,27.457855,69.79361,125.492157,-0.440041,-0.502504,-0.515051,0.897978,0.864575,0.85716,4.650999,21.743225,4.187535,22.561201,20.738098,-39.270695,-0.118554,-0.15528,0.401615,0.104564,0.128194,1.076469,-0.466457,0.071631,1.162016
-13.907185,-37.800289,-70.548309,27.731401,70.653267,127.071938,-0.423038,-0.483658,-0.495773,0.906112,0.875257,0.868452,5.014602,21.732361,3.443232,22.610271,20.787086,-40.079998,-0.115642,-0.140253,0.344813,0.101147,0.143427,1.135719,-0.455234,0.08445,1.166915
-13.546997,-36.749447,-68.353584,28.073608,71.578735,128.691025,-0.406536,-0.465134,-0.476794,0.913635,0.88524,0.879015,5.262012,21.708221,2.890392,22.612696,20.806702,-40.669258,-0.116632,-0.125275,0.304502,0.091084,0.150956,1.179383,-0.447203,0.100629,1.175847
-13.042711,-35.463428,-65.884689,28.039499,72.310822,130.160812,-0.38717,-0.445422,-0.458579,0.922009,0.895321,0.888653,5.686005,21.615623,1.612432,22.973467,20.781906,-41.329357,-0.09071,-0.11721,0.220871,0.065506,0.182861,1.302415,-0.436813,0.102065,1.172021
-12.606073,-34.35313,-63.684105,28.280451,73.083755,131.51178,-0.369888,-0.427404,-0.440716,0.929077,0.904061,0.897646,6.013666,21.547043,0.690625,23.191746,20.773506,-41.688385,-0.086869,-0.100827,0.164629,0.04889,0.196273,1.376762,-0.424832,0.112791,1.172511
-12.234936,-33.332165,-61.59996,28.626633,73.976013,132.965912,-0.353833,-0.410068,-0.423192,0.935309,0.912055,0.90604,6.248139,21.508148,0.003352,23.310551,20.766693,-41.907825,-0.085508,-0.087068,0.133143,0.032286,0.202611,1.430914,-0.415461,0.126245,1.179782
-11.770519,-32.205467,-59.393906,28.659939,74.792488,134.447205,-0.33623,-0.392194,-0.406253,0.94178,0.919882,0.913761,6.763063,21.214851,-1.332064,23.757782,20.699539,-42.267033,-0.057748,-0.074269,0.041449,-0.019811,0.22635,1.568139,-0.398316,0.120416,1.169943
-11.320675,-31.137295,-57.315781,29.001585,75.727264,135.877975,-0.319229,-0.375396,-0.389662,0.947677,0.926864,0.920958,7.166265,21.00016,-2.364962,24.030067,20.704521,-42.308788,-0.052393,-0.06431,-0.000864,-0.039933,0.237081,1.65379,-0.383626,0.123582,1.172074
-10.920856,-30.12923,-55.32148,29.455965,76.795662,137.433716,-0.303335,-0.359278,-0.373408,0.952884,0.933231,0.927667,7.489961,20.840561,-3.177878,24.163967,20.727135,-42.229149,-0.049811,-0.056782,-0.020087,-0.056988,0.243706,1.723308,-0.370942,0.13072,1.182077
-10.393066,-28.978096,-53.143105,29.716888,78.071571,139.374619,-0.288062,-0.343622,-0.357379,0.957612,0.939108,0.933959,8.082637,20.36293,-4.653703,24.438295,20.718674,-42.344067,-0.022491,-0.051425,-0.085911,-0.122227,0.265755,1.889103,-0.342151,0.125239,1.175033
-9.902044,-27.868011,-51.06768,30.228443,79.30426,141.064377,-0.271255,-0.32813,-0.341717,0.962507,0.944633,0.939803,8.563848,20.041466,-5.883928,24.540642,20.800941,-42.089474,-0.018189,-0.047806,-0.098432,-0.141611,0.2783,1.9921,-0.323338,0.130724,1.182604
-9.261156,-26.581196,-48.744507,30.768919,81.019234,143.431839,-0.256156,-0.313872,-0.326096,0.966635,0.949466,0.945336,9.097021,19.482933,-7.461676,24.494991,20.997772,-42.059643,0.000578,-0.050556,-0.117012,-0.211335,0.33766,2.20279,-0.284579,0.142764,1.187831
-8.708296,-25.359146,-46.565002,31.332819,82.295486,145.112213,-0.239048,-0.29939,-0.310996,0.971008,0.954131,0.950411,9.503389,19.129585,-8.727032,24.354702,21.328354,-41.679153,0.004282,-0.051766,-0.10869,-0.217554,0.362414,2.334054,-0.259413,0.159479,1.20037
-8.23847,-24.261909,-44.55162,31.84651,83.415695,146.600723,-0.224115,-0.285577,-0.296288,0.974563,0.958356,0.955098,9.809427,18.876534,-9.717184,24.15115,21.673836,-41.276299,0.008723,-0.055317,-0.098803,-0.21712,0.382827,2.438072,-0.237685,0.175057,1.215086
-7.775011,-23.181622,-42.466408,32.378281,84.724922,148.327072,-0.211971,-0.273533,-0.281312,0.977276,0.961863,0.959616,10.113368,18.279373,-10.929161,23.633831,22.072578,-40.942806,0.011518,-0.058719,-0.08967,-0.235929,0.428529,2.645746,-0.204169,0.193164,1.225617
-7.290827,-22.052986,-40.424461,32.791328,85.559166,149.425598,-0.19747,-0.260681,-0.266851,0.980309,0.965425,0.963738,10.361928,17.908272,-11.910694,23.252598,22.615242,-40.274254,0.013266,-0.062327,-0.07759,-0.217696,0.436986,2.764676,-0.177269,0.209883,1.235891
-6.982395,-21.171371,-38.566399,33.394478,86.585007,150.646896,-0.185079,-0.249,-0.252061,0.982723,0.968504,0.967711,10.616605,17.326813,-13.257207,22.593143,22.975197,-39.121994,0.004618,-0.061373,-0.073799,-0.204541,0.439285,2.948585,-0.151683,0.231872,1.246878
-6.606665,-20.196495,-36.70919,33.753635,87.211113,151.473602,-0.172925,-0.237271,-0.237855,0.984935,0.971444,0.9713,10.814715,17.015572,-14.323618,22.193596,23.543945,-37.853554,0.005558,-0.061745,-0.061778,-0.184829,0.421304,3.055751,-0.128389,0.248418,1.257318
-6.267906,-19.299072,-34.966911,34.051895,87.720627,152.160873,-0.161468,-0.22553,-0.22408,0.986878,0.974236,0.974571,10.9425,16.857262,-15.193613,21.938694,24.162338,-36.692299,0.007301,-0.062226,-0.048216,-0.16892,0.41263,3.136861,-0.109881,0.262042,1.266153
-6.201,-18.708237,-33.495697,34.635139,88.423988,152.888199,-0.149433,-0.214442,-0.210543,0.988772,0.976737,0.977585,10.891083,16.596054,-16.688026,21.384352,24.612793,-34.579464,-0.011584,-0.042853,-0.036091,-0.16046,0.365337,3.281313,-0.103009,0.27956,1.280603
-6.009979,-18.052856,-32.061798,34.942097,88.848289,153.443054,-0.139869,-0.203708,-0.197656,0.99017,0.979032,0.980271,10.874548,16.476196,-17.760036,21.086603,25.167892,-32.752724,-0.013809,-0.033166,-0.016715,-0.161285,0.327654,3.357516,-0.093109,0.29285,1.293246
-6.000048,-17.521851,-30.754524,35.263386,88.882256,153.353439,-0.128858,-0.192854,-0.185467,0.991663,0.981227,0.98265,10.536837,16.330063,-19.55154,20.484434,25.431244,-29.883932,-0.033704,-0.010451,0.000552,-0.172572,0.215848,3.455053,-0.097607,0.30331,1.297935
-5.893927,-17.037964,-29.57811,35.50946,89.147949,153.714615,-0.121403,-0.182941,-0.173892,0.992603,0.983124,0.984765,10.34981,16.253456,-20.72987,20.179085,25.751793,-27.66774,-0.035431,0.002341,0.020285,-0.196554,0.159201,3.50225,-0.095639,0.312081,1.310529
-5.820845,-16.450211,-28.318008,35.512562,88.496597,152.842484,-0.111595,-0.172078,-0.163302,0.993754,0.985083,0.986576,9.909248,16.282776,-22.678627,19.564112,25.664047,-24.32885,-0.048462,0.012615,0.035258,-0.231542,0.009335,3.565935,-0.102938,0.313198,1.299059
-5.750269,-16.076538,-27.340973,35.727089,88.642128,153.046021,-0.105639,-0.162975,-0.15325,0.994405,0.98663,0.988187,9.697964,16.294701,-23.889248,19.241154,25.663536,-21.803543,-0.050551,0.029089,0.05416,-0.26797,-0.0564,3.599236,-0.106626,0.317651,1.312915
-5.669043,-15.698189,-26.383636,35.866192,88.710419,153.162476,-0.100118,-0.154244,-0.143574,0.994975,0.988033,0.98964,9.571514,16.314064,-24.602564,19.039141,25.714699,-19.886074,-0.051833,0.042754,0.07157,-0.295964,-0.092825,3.619268,-0.109461,0.3213,1.323625
-5.502289,-15.074226,-25.221207,35.64016,87.695717,151.882568,-0.091,-0.143831,-0.13492,0.995851,0.989602,0.990856,9.28723,16.632553,-26.186626,18.560797,25.382011,-16.803993,-0.050421,0.041776,0.083273,-0.32587,-0.210317,3.685359,-0.117048,0.310599,1.30007
-5.401003,-14.709221,-24.347397,35.706699,87.619118,151.816544,-0.085906,-0.135766,-0.126632,0.996303,0.990741,0.99195,9.171188,16.830818,-27.066261,18.289349,25.261169,-14.511477,-0.050696,0.061344,0.094449,-0.356287,-0.257082,3.700226,-0.120386,0.308344,1.305746
-5.122589,-13.965874,-23.1315,35.615837,86.937477,150.921753,-0.076394,-0.126982,-0.119171,0.997078,0.991905,0.992874,9.071489,17.504906,-28.679916,17.961784,24.81427,-11.327481,-0.035471,0.049275,0.116635,-0.379738,-0.349269,3.740175,-0.124326,0.27476,1.282924
-4.989859,-13.569336,-22.273117,35.567646,86.677399,150.635635,-0.071667,-0.119552,-0.111961,0.997428,0.992828,0.993712,9.04509,17.933205,-29.499252,17.789829,24.662498,-8.981875,-0.034334,0.068077,0.120861,-0.406936,-0.393063,3.736629,-0.126178,0.262232,1.280932
-4.629183,-12.775192,-21.070953,35.473019,86.026527,149.781097,-0.06367,-0.111867,-0.105574,0.997971,0.993723,0.994411,9.000811,18.778152,-30.847967,17.609049,24.317619,-5.936245,-0.018062,0.056783,0.147254,-0.424633,-0.484842,3.744704,-0.121996,0.214099,1.260933
-4.435471,-12.299812,-20.172394,35.373005,85.692589,149.394287,-0.059333,-0.104831,-0.099345,0.998238,0.99449,0.995053,8.960808,19.332336,-31.396103,17.49509,24.303444,-3.607346,-0.014431,0.076767,0.143317,-0.445962,-0.53169,3.727992,-0.120885,0.18967,1.254807
-4.289837,-11.891518,-19.355209,35.247551,85.349091,149.000305,-0.055964,-0.098249,-0.093143,0.998433,0.995162,0.995653,8.87958,19.695564,-31.488024,17.374989,24.475273,-1.767633,-0.010953,0.09589,0.140414,-0.46649,-0.560475,3.705932,-0.122394,0.169496,1.24978
-3.913296,-11.119095,-18.224167,35.218433,84.928864,148.428909,-0.049638,-0.091365,-0.087794,0.998767,0.995817,0.996139,8.634716,20.381081,-32.147984,17.174959,24.411934,0.940491,0.007758,0.093003,0.178488,-0.497624,-0.623392,3.690705,-0.114981,0.111706,1.240807
-3.69614,-10.622276,-17.346878,35.149185,84.661781,148.097122,-0.046204,-0.084921,-0.082471,0.998932,0.996388,0.996594,8.396544,20.831909,-32.197521,16.966991,24.584587,3.178939,0.012216,0.116242,0.177626,-0.513927,-0.66073,3.665017,-0.112132,0.077974,1.237596
-3.376297,-9.996597,-16.406738,35.264744,84.522537,147.869934,-0.04431,-0.079954,-0.077757,0.999018,0.996798,0.996972,8.03397,21.295914,-32.640739,16.598278,24.526253,5.91653,0.026584,0.126094,0.233847,-0.553937,-0.706527,3.619474,-0.103435,0.025043,1.243931
-3.195263,-9.59211,-15.658325,35.273945,84.394783,147.695724,-0.042483,-0.074435,-0.072867,0.999097,0.997226,0.997342,7.702272,21.564095,-32.592728,16.235098,24.64772,8.203614,0.02921,0.14927,0.241654,-0.56739,-0.729844,3.585336,-0.100487,-0.007742,1.248162
-3.038944,-9.209831,-14.928391,35.22168,84.194046,147.450531,-0.040879,-0.069103,-0.067762,0.999164,0.997609,0.997701,7.362068,21.703285,-32.28281,15.878758,24.861656,10.057801,0.031758,0.170042,0.247674,-0.574305,-0.741834,3.551822,-0.098055,-0.031852,1.250873
-2.76432,-8.617561,-14.029755,35.322166,84.051369,147.264435,-0.042441,-0.066451,-0.063374,0.999099,0.99779,0.99799,6.839634,21.801414,-32.486485,15.348974,24.707268,12.226022,0.038198,0.18057,0.326503,-0.604547,-0.74968,3.451486,-0.088605,-0.063674,1.267131
-2.588821,-8.237228,-13.328049,35.372688,84.032455,147.232895,-0.041228,-0.061927,-0.058845,0.99915,0.998081,0.998267,6.384848,21.840652,-32.376328,14.914273,24.712303,14.045981,0.039792,0.198824,0.345856,-0.605673,-0.74956,3.413986,-0.083164,-0.08431,1.278142
-2.286488,-7.600731,-12.412231,35.430374,83.818405,146.999664,-0.044294,-0.061064,-0.055247,0.999018,0.998134,0.998473,5.740732,21.807022,-32.668575,14.268754,24.353088,16.111849,0.038334,0.207044,0.438575,-0.61938,-0.723736,3.253009,-0.072539,-0.106966,1.300711
-2.103302,-7.226616,-11.763504,35.4617,83.794968,146.971268,-0.043311,-0.057404,-0.051577,0.999061,0.998351,0.998669,5.173389,21.749298,-32.662434,13.782755,24.203506,17.802292,0.03918,0.223136,0.460211,-0.61326,-0.711601,3.205056,-0.065948,-0.123241,1.313877
-1.933613,-6.852776,-11.120361,35.43486,83.681404,146.840515,-0.041752,-0.053661,-0.047871,0.999128,0.998559,0.998853,4.637661,21.663284,-32.490215,13.390027,24.173454,19.156311,0.040158,0.236413,0.472068,-0.607137,-0.700096,3.173629,-0.060099,-0.134698,1.321933
-1.567284,-6.124245,-10.15387,35.304184,83.147446,146.275406,-0.044164,-0.053685,-0.045177,0.999024,0.998558,0.998979,3.945751,21.587074,-32.747581,12.830661,23.559288,20.683039,0.028645,0.244379,0.550416,-0.590775,-0.64726,2.944886,-0.044507,-0.150832,1.340843
-1.35125,-5.709488,-9.519089,35.200417,82.923363,146.025833,-0.042877,-0.050673,-0.04251,0.99908,0.998715,0.999096,3.276577,21.475075,-32.781391,12.463635,23.187889,21.947746,0.028814,0.256673,0.566563,-0.577423,-0.633388,2.876585,-0.035637,-0.166079,1.3505
-0.968712,-5.010544,-8.63208,34.880432,82.053925,145.097244,-0.046129,-0.051644,-0.040555,0.998935,0.998665,0.999177,2.587862,21.456673,-32.966064,12.042567,22.311874,23.148403,0.009669,0.267369,0.637062,-0.539016,-0.561466,2.578078,-0.014954,-0.182888,1.365637
-0.759586,-4.62027,-8.060699,34.64233,81.636055,144.633972,-0.045667,-0.04925,-0.038494,0.998957,0.998786,0.999259,1.883533,21.413536,-32.975731,11.821091,21.767387,24.091589,0.009406,0.280551,0.654996,-0.523112,-0.545699,2.488236,-0.005071,-0.20194,1.370043
-0.593742,-4.286232,-7.554657,34.474686,81.30616,144.26297,-0.044571,-0.046733,-0.03637,0.999006,0.998907,0.999338,1.238195,21.369759,-32.86451,11.695902,21.435204,24.802574,0.008221,0.288261,0.663731,-0.514529,-0.539538,2.443448,0.001836,-0.217438,1.372462
-0.283607,-3.768463,-6.876785,34.01067,80.308655,143.197113,-0.047433,-0.04723,-0.034531,0.998874,0.998884,0.999404,0.756193,21.565628,-32.841694,11.442088,20.606674,25.160849,-0.00938,0.287063,0.734728,-0.469607,-0.467172,2.114378,0.024225,-0.237204,1.374797
-0.101837,-3.42292,-6.361588,33.691105,79.792374,142.632126,-0.047367,-0.045137,-0.032505,0.998878,0.998981,0.999472,0.157265,21.698738,-32.785477,11.407505,20.046585,25.432037,-0.008142,0.294769,0.756527,-0.455716,-0.456568,2.017474,0.034633,-0.260356,1.373406
0.107555,-3.104729,-5.879364,33.185753,78.874374,141.667282,-0.047809,-0.044365,-0.030589,0.998856,0.999015,0.999532,-0.218405,22.061287,-32.827522,11.090322,19.243774,25.332237,-0.01877,0.272264,0.835918,-0.413782,-0.39215,1.665862,0.055868,-0.286669,1.36914
0.248526,-2.805611,-5.406097,32.818336,78.321953,141.063629,-0.047421,-0.042287,-0.028477,0.998875,0.999105,0.999594,-0.765638,22.334831,-32.807758,10.999747,18.688927,25.231112,-0.015178,0.27354,0.863779,-0.404578,-0.388376,1.559394,0.065892,-0.314058,1.362887
0.372499,-2.528442,-4.956406,32.585705,77.944641,140.642349,-0.046091,-0.039925,-0.026262,0.998937,0.999203,0.999655,-1.327461,22.567787,-32.720119,10.97702,18.314468,25.149124,-0.011845,0.269369,0.877759,-0.400923,-0.390881,1.51228,0.073232,-0.336806,1.35762
0.524246,-2.326553,-4.591888,32.166466,77.229469,139.91655,-0.043513,-0.037647,-0.024157,0.999053,0.999291,0.999708,-1.662184,23.046989,-32.945637,10.577359,17.678741,24.647373,-0.008623,0.237557,0.940783,-0.36414,-0.352685,1.183404,0.09401,-0.364306,1.352024
0.659565,-2.008736,-4.095459,31.783358,76.696136,139.344467,-0.04243,-0.035461,-0.021958,0.999099,0.999371,0.999759,-2.171038,23.414696,-32.990108,10.423011,17.228058,24.162752,-0.003152,0.233277,0.96798,-0.356333,-0.357664,1.094928,0.104971,-0.388809,1.340881
0.782915,-1.813583,-3.730194,31.224922,75.926445,138.574722,-0.039288,-0.032387,-0.019891,0.999228,0.999475,0.999802,-2.617384,23.969345,-33.202641,9.875107,16.686714,23.038692,0.003708,0.203562,1.045697,-0.316571,-0.331714,0.78326,0.12529,-0.412368,1.330324
0.897444,-1.489319,-3.23027,30.851929,75.49118,138.124847,-0.037865,-0.030198,-0.017818,0.999283,0.999544,0.999841,-3.187418,24.404411,-33.200954,9.609376,16.280357,22.070343,0.007424,0.197401,1.08714,-0.307442,-0.33811,0.712138,0.135602,-0.432059,1.316174
1.013817,-1.189255,-2.761108,30.64953,75.261078,137.882233,-0.036365,-0.028016,-0.015742,0.999339,0.999607,0.999876,-3.750252,24.760696,-33.094349,9.466569,15.982918,21.330801,0.013031,0.183952,1.11767,-0.30371,-0.344581,0.685231,0.143999,-0.449477,1.307772
1.138586,-0.898384,-2.307602,30.525167,75.119301,137.727844,-0.03482,-0.025865,-0.013678,0.999393,0.999665,0.999906,-4.268833,25.050095,-32.937271,9.395617,15.759926,20.786711,0.020491,0.166743,1.141818,-0.301472,-0.350888,0.670743,0.152308,-0.464887,1.302658
1.192278,-0.723877,-1.968994,30.057487,74.604721,137.228195,-0.032001,-0.022354,-0.011934,0.999488,0.99975,0.999929,-4.720379,25.489082,-32.887363,8.845782,15.459717,19.504913,0.024162,0.148327,1.221405,-0.264763,-0.328351,0.435838,0.166935,-0.468843,1.288341
1.265963,-0.469597,-1.570709,29.814571,74.401466,137.03569,-0.030899,-0.020483,-0.010251,0.999522,0.99979,0.999947,-5.239954,25.845009,-32.759834,8.550575,15.214096,18.447077,0.024875,0.14579,1.271476,-0.257472,-0.327652,0.397096,0.174358,-0.474705,1.276245
1.358316,-0.219833,-1.181412,29.69091,74.325073,136.964554,-0.030079,-0.018704,-0.008575,0.999548,0.999825,0.999963,-5.728785,26.125404,-32.608952,8.370475,15.015503,17.675638,0.029549,0.138543,1.308139,-0.254689,-0.328157,0.382426,0.181749,-0.482132,1.270024
1.326488,-0.085838,-0.900742,29.275993,73.990479,136.652618,-0.028246,-0.015501,-0.007359,0.999601,0.99988,0.999973,-6.215633,26.495705,-32.508934,7.736851,14.828972,16.202005,0.025205,0.135228,1.402169,-0.219522,-0.297998,0.209028,0.192053,-0.466611,1.249703
1.3668,0.117477,-0.586777,29.061346,73.853104,136.534485,-0.027775,-0.014194,-0.006204,0.999614,0.999899,0.999981,-6.720844,26.788414,-32.433811,7.34951,14.662407,15.02167,0.023424,0.14208,1.461333,-0.211805,-0.288685,0.181397,0.197415,-0.459826,1.23676
1.44335,0.338501,-0.259842,28.939043,73.796295,136.491135,-0.027552,-0.013022,-0.005066,0.99962,0.999915,0.999987,-7.180609,26.995171,-32.417721,7.094827,14.503563,14.168771,0.027094,0.143097,1.501705,-0.208586,-0.283474,0.16833,0.204214,-0.458385,1.230309
1.349297,0.460403,-0.010513,28.629774,73.654549,136.390549,-0.025726,-0.010331,-0.004517,0.999669,0.999947,0.99999,-7.701435,27.32238,-32.514721,6.328538,14.4748,12.486406,0.010379,0.137139,1.600065,-0.169367,-0.232393,0.06715,0.207769,-0.422066,1.20124
1.369471,0.636589,0.243011,28.456568,73.57476,136.336639,-0.025246,-0.009435,-0.004017,0.999681,0.999956,0.999992,-8.211174,27.565605,-32.614132,5.782324,14.436615,11.217595,0.003986,0.147843,1.654308,-0.158513,-0.214752,0.051324,0.209416,-0.402465,1.187691
1.428841,0.823929,0.495926,28.351568,73.542786,136.326675,-0.025049,-0.008749,-0.00355,0.999686,0.999962,0.999994,-8.657858,27.716652,-32.773643,5.41936,14.361427,10.343878,0.005388,0.154849,1.687998,-0.153777,-0.204437,0.044209,0.213861,-0.392614,1.18089
1.311695,0.873039,0.620041,28.026615,73.274361,136.063644,-0.023507,-0.006765,-0.003314,0.999724,0.999977,0.999994,-9.187916,27.837914,-32.527054,4.739081,14.527237,8.717642,-0.001533,0.128928,1.744522,-0.115749,-0.141339,0.009715,0.210065,-0.344331,1.136127
1.331024,1.00074,0.797424,27.919029,73.245499,136.058319,-0.023172,-0.006052,-0.003005,0.999732,0.999982,0.999995,-9.635389,27.939674,-32.488655,4.296675,14.620872,7.60453,-0.002128,0.143193,1.78119,-0.104098,-0.122866,0.00401,0.210322,-0.318181,1.125817
1.119371,0.895393,0.757477,27.870253,73.553162,136.450089,-0.021118,-0.003508,-0.002701,0.999777,0.999994,0.999996,-10.089233,28.213997,-32.353809,3.699141,14.702042,5.894564,-0.011625,0.13663,1.88626,-0.069618,-0.062545,0.016236,0.19719,-0.262286,1.095785
1.092461,0.945061,0.853928,27.896433,73.750084,136.688553,-0.021276,-0.002563,-0.00214,0.999774,0.999997,0.999998,-10.417879,28.412224,-32.363312,3.306159,14.78022,4.71772,-0.011787,0.155226,1.93274,-0.055254,-0.045012,0.012604,0.192703,-0.230465,1.091087
1.121239,1.05854,1.022522,27.94351,73.940628,136.91861,-0.02144,-0.001768,-0.001444,0.99977,0.999998,0.999999,-10.659489,28.544121,-32.524307,3.090244,14.82299,3.931523,-0.006027,0.168763,1.961822,-0.047699,-0.035418,0.010645,0.192828,-0.211432,1.091089
0.865358,0.844734,0.882538,28.100134,74.4991,137.539108,-0.019114,0.001381,-0.000565,0.999817,0.999999,1.0,-10.836336,28.819252,-32.070801,2.822778,14.789948,2.565564,-0.007881,0.141585,2.083412,-0.023475,0.006339,0.043764,0.172484,-0.163813,1.069376
0.813229,0.845512,0.954224,28.203949,74.763229,137.824997,-0.019469,0.002857,0.000741,0.99981,0.999996,1.0,-10.935902,29.013069,-31.761311,2.658396,14.818108,1.54341,-0.009629,0.148585,2.134898,-0.008159,0.018412,0.042292,0.164896,-0.133607,1.066716
0.573282,0.657509,0.886948,28.615946,75.574936,138.689316,-0.016392,0.006807,0.002433,0.999866,0.999977,0.999997,-10.96314,29.281624,-30.606232,2.583567,14.798424,0.204015,-0.011503,0.100014,2.287423,0.010947,0.044766,0.06934,0.140536,-0.088003,1.065702
0.524324,0.694267,1.054108,28.866209,76.005165,139.123688,-0.016202,0.009076,0.004636,0.999869,0.999959,0.999989,-10.981218,29.48217,-29.792816,2.533232,14.852303,-0.847557,-0.017893,0.090957,2.354831,0.027728,0.052383,0.07044,0.131463,-0.058205,1.070344
0.553394,0.849869,1.363083,29.018358,76.271095,139.399109,-0.015433,0.0114,0.007117,0.999881,0.999935,0.999975,-11.021511,29.642464,-29.288002,2.520321,14.919533,-1.632423,-0.017804,0.087699,2.39271,0.037947,0.056798,0.070265,0.12789,-0.03868,1.074323
0.368395,0.792229,1.511383,29.651411,77.276955,140.474701,-0.011152,0.016116,0.009811,0.999938,0.99987,0.999952,-11.081575,29.810287,-27.95578,2.620245,15.079712,-2.589986,-0.006153,0.024647,2.521857,0.044753,0.06902,0.096144,0.100987,-0.003894,1.091143
0.33889,0.876244,1.782166,29.959389,77.715691,140.901184,-0.009862,0.019174,0.012917,0.999951,0.999816,0.999917,-11.112211,29.972572,-26.967472,2.654275,15.22744,-3.398732,-0.012171,-0.000106,2.580869,0.055812,0.072973,0.103371,0.092316,0.016951,1.102148
0.141926,0.815498,1.966248,30.799349,78.945435,142.234573,-0.005515,0.02399,0.016207,0.999985,0.999712,0.999869,-11.176144,30.094376,-25.289364,2.835522,15.588654,-4.313245,0.005712,-0.078582,2.704273,0.05655,0.084482,0.123936,0.060702,0.047884,1.131782
0.113205,0.897354,2.26828,31.170738,79.401115,142.662521,-0.003605,0.027515,0.019928,0.999994,0.999621,0.999801,-11.183786,30.200325,-23.97945,2.924552,15.853935,-5.06721,0.001672,-0.113853,2.762431,0.065062,0.08637,0.137495,0.05228,0.066109,1.1481
-0.012489,0.907028,2.539459,32.035301,80.622292,143.998962,0.002453,0.031992,0.023269,0.999997,0.999488,0.999729,-11.300439,30.211227,-22.153709,3.027375,16.282028,-5.943369,0.005481,-0.226676,2.879382,0.060963,0.095032,0.149798,0.02412,0.087568,1.185281
-0.013031,1.031219,2.890549,32.407188,81.040894,144.384369,0.005409,0.035619,0.026935,0.999985,0.999365,0.999637,-11.349924,30.245125,-20.696444,3.038278,16.600792,-6.636544,0.004037,-0.271551,2.932848,0.066526,0.096491,0.168975,0.017715,0.101029,1.204101
-0.074577,1.082092,3.172195,33.075279,81.977524,145.413605,0.010582,0.038867,0.029869,0.999944,0.999244,0.999554,-11.521143,30.041489,-18.864323,3.047971,17.033836,-7.524062,-0.002587,-0.396371,3.030883,0.053902,0.093999,0.176126,-0.007425,0.110309,1.23732
-0.064228,1.212677,3.507675,33.38504,82.276497,145.668564,0.013503,0.042014,0.033042,0.999909,0.999117,0.999454,-11.635822,29.948189,-17.41983,2.980177,17.35775,-8.148065,-0.002277,-0.442524,3.077296,0.056427,0.094047,0.196857,-0.012679,0.118268,1.254349
-0.053898,1.295647,3.780777,33.775043,82.840706,146.311691,0.016927,0.043546,0.035285,0.999857,0.999051,0.999377,-11.806769,29.511627,-15.634645,2.94822,17.707024,-9.011032,-0.013613,-0.566361,3.154825,0.035922,0.074875,0.206259,-0.031264,0.110988,1.276709
-0.033508,1.431679,4.08461,34.003197,83.002777,146.419449,0.019067,0.045787,0.037687,0.999818,0.998951,0.99929,-11.976902,29.257088,-14.265764,2.810246,17.967674,-9.521559,-0.011445,-0.609601,3.192568,0.035958,0.07048,0.226525,-0.035134,0.111733,1.290326
0.003513,1.587929,4.40799,34.12748,83.05896,146.440811,0.021034,0.048256,0.040262,0.999779,0.998835,0.999189,-12.128421,29.09523,-13.22024,2.647276,18.131287,-9.82096,-0.006111,-0.62534,3.210329,0.036643,0.068795,0.240219,-0.03655,0.115487,1.29894
0.104572,1.74823,4.722366,34.313438,83.372353,146.81868,0.023052,0.048905,0.041947,0.999734,0.998803,0.99912,-12.34403,28.50486,-11.636153,2.580191,18.350258,-10.561521,-0.02197,-0.731194,3.253474,0.01556,0.035649,0.266128,-0.04683,0.094154,1.311087
0.139816,1.884819,4.989441,34.49485,83.521202,146.928452,0.024362,0.050417,0.043699,0.999703,0.998728,0.999045,-12.593397,28.106148,-10.478738,2.379906,18.493279,-10.954545,-0.019789,-0.763095,3.277544,0.013187,0.027141,0.281633,-0.047498,0.088515,1.321754
0.280037,2.081856,5.299057,34.686943,83.851479,147.303528,0.023806,0.049657,0.044747,0.999717,0.998766,0.998998,-12.808985,27.289383,-8.748365,2.354395,18.715858,-11.897148,-0.03195,-0.859311,3.301878,-0.005396,-0.000811,0.321302,-0.051412,0.053679,1.332124
0.3298,2.215973,5.519363,34.844349,83.982262,147.403275,0.0239,0.050034,0.04579,0.999714,0.998747,0.998951,-13.053232,26.723106,-7.484554,2.164905,18.843422,-12.399746,-0.023688,-0.88789,3.315536,-0.009377,-0.010925,0.334884,-0.049526,0.037915,1.341638
0.503792,2.48822,5.881332,35.15427,84.497879,147.970108,0.020468,0.047729,0.046264,0.99979,0.99886,0.998929,-13.121806,25.766273,-5.735834,2.191133,19.095497,-13.585267,-0.026693,-0.960731,3.341183,-0.024309,-0.032597,0.379523,-0.046122,-0.010373,1.358402
0.574551,2.636719,6.076019,35.300453,84.639671,148.102081,0.019134,0.046885,0.046685,0.999817,0.9989,0.99891,-13.247856,25.082771,-4.424044,2.04304,19.242462,-14.259877,-0.009497,-0.984078,3.342124,-0.029501,-0.043524,0.395552,-0.041531,-0.037859,1.367946
0.595303,2.7015,6.170029,35.375374,84.701607,148.160873,0.018427,0.046378,0.047006,0.99983,0.998924,0.998895,-13.364081,24.587547,-3.469378,1.858246,19.318863,-14.652285,0.002126,-0.99364,3.335871,-0.03375,-0.049398,0.404213,-0.039939,-0.057931,1.373093
0.762489,2.998817,6.535202,35.700455,85.231133,148.732239,0.014201,0.043721,0.046949,0.999899,0.999044,0.998897,-13.251197,23.720993,-1.918266,1.8892,19.631233,-15.979358,0.009828,-1.042693,3.361147,-0.044508,-0.063671,0.444855,-0.029139,-0.10673,1.391576
0.844105,3.140915,6.684052,35.829937,85.378891,148.89035,0.01221,0.042027,0.046792,0.999925,0.999116,0.998905,-13.214318,23.079483,-0.68294,1.752695,19.820114,-16.789442,0.031506,-1.062995,3.350838,-0.048884,-0.072186,0.46255,-0.022018,-0.139581,1.40097
0.868217,3.189468,6.721375,35.913349,85.479225,149.003281,0.010827,0.040564,0.046472,0.999941,0.999177,0.99892,-13.20048,22.602303,0.254911,1.578629,19.926369,-17.286297,0.045311,-1.075318,3.338759,-0.053401,-0.076765,0.472309,-0.018615,-0.166646,1.407369
1.014874,3.494873,7.074677,36.198956,85.948868,149.498947,0.006853,0.038172,0.046031,0.999977,0.999271,0.99894,-12.942119,21.866394,2.005014,1.495899,20.36924,-18.835312,0.063612,-1.105698,3.347366,-0.054834,-0.084582,0.511559,-0.000983,-0.213936,1.425152
1.098358,3.627441,7.187851,36.330109,86.130692,149.709717,0.004645,0.035947,0.045459,0.999989,0.999354,0.998966,-12.756961,21.319527,3.43833,1.289816,20.63398,-19.805328,0.090896,-1.123097,3.32895,-0.057714,-0.089198,0.531924,0.008428,-0.251939,1.435498
1.256744,3.997002,7.6064,36.557205,86.507011,150.104324,0.001182,0.03435,0.045173,0.999999,0.99941,0.998979,-12.296253,20.584679,5.850875,1.086338,21.291023,-21.873854,0.12759,-1.125282,3.289226,-0.045686,-0.098896,0.588285,0.031973,-0.304374,1.454305
1.392796,4.203194,7.801514,36.655331,86.64418,150.278122,-0.001049,0.032202,0.044837,0.999999,0.999481,0.998994,-11.883975,20.096962,7.793355,0.764034,21.682899,-23.131742,0.167235,-1.133906,3.245956,-0.0433,-0.10268,0.6184,0.045649,-0.347938,1.466119
1.48048,4.333824,7.911179,36.738678,86.764488,150.429001,-0.003073,0.030205,0.044409,0.999995,0.999544,0.999013,-11.522129,19.784271,9.27028,0.443882,21.930206,-23.912466,0.194064,-1.145272,3.212712,-0.041028,-0.107037,0.642192,0.055376,-0.384942,1.476789
1.671734,4.810394,8.448944,36.81319,86.86377,150.508041,-0.003039,0.031164,0.044651,0.999995,0.999514,0.999003,-10.937051,19.295143,11.740832,0.140669,22.616631,-25.85652,0.237363,-1.100726,3.095282,-0.007299,-0.126634,0.730094,0.074987,-0.419381,1.497726
1.851498,5.093102,8.753036,36.891022,86.977333,150.665344,-0.003291,0.030494,0.044873,0.999995,0.999535,0.998993,-10.400958,19.020622,13.623686,-0.219154,23.05928,-26.999506,0.274211,-1.095309,3.029549,0.004531,-0.127715,0.774472,0.088847,-0.450966,1.513655
1.985874,5.31353,8.990021,36.996876,87.128807,150.855728,-0.003885,0.029674,0.04502,0.999992,0.99956,0.998986,-9.957295,18.861168,15.027956,-0.550133,23.367027,-27.708483,0.298663,-1.099493,2.984592,0.013658,-0.126711,0.80631,0.099337,-0.477092,1.529646
2.202057,5.882278,9.636688,36.948978,86.90377,150.551926,0.000332,0.033342,0.046129,1.0,0.999444,0.998935,-9.336241,18.438652,17.362415,-0.722332,23.943092,-29.254496,0.346916,-1.009344,2.789149,0.067224,-0.151385,0.92803,0.112095,-0.486724,1.552101
2.422646,6.256042,10.082733,36.972088,86.920395,150.599442,0.002092,0.034182,0.047208,0.999998,0.999416,0.998885,-8.759783,18.25708,19.033852,-0.974606,24.32222,-30.077026,0.379776,-0.987712,2.704789,0.086782,-0.141917,0.981874,0.125555,-0.502416,1.569043
2.653622,6.898201,10.839081,36.753578,86.293251,149.824951,0.011152,0.040241,0.049211,0.999938,0.99919,0.998788,-8.051079,17.853508,21.117865,-1.012028,24.718925,-31.137304,0.425508,-0.863526,2.454081,0.156411,-0.152401,1.137036,0.13247,-0.49543,1.58293
2.917667,7.374245,11.439621,36.565273,85.996582,149.518524,0.014299,0.041891,0.051003,0.999898,0.999122,0.998699,-7.413412,17.759781,22.497515,-1.186451,25.006042,-31.533766,0.453073,-0.833219,2.349553,0.181561,-0.130878,1.191536,0.147794,-0.504651,1.589498
3.168617,7.829826,12.019669,36.544003,85.932228,149.460556,0.016577,0.043284,0.052669,0.999862,0.999063,0.998612,-6.855297,17.778816,23.43288,-1.378071,25.211632,-31.739714,0.478641,-0.817393,2.294913,0.202961,-0.111468,1.229958,0.162704,-0.509675,1.602299
3.34734,8.35643,12.658646,36.20697,85.198685,148.561951,0.026909,0.050031,0.055053,0.999638,0.998748,0.998483,-6.280432,17.448441,24.316437,-1.254173,25.283272,-31.941759,0.507171,-0.683971,2.019126,0.276321,-0.121833,1.392171,0.160797,-0.491921,1.595315
3.579533,8.769325,13.208267,36.026192,84.96122,148.315811,0.030976,0.0524,0.05717,0.99952,0.998626,0.998364,-5.784042,17.370567,24.749414,-1.240868,25.342369,-31.913958,0.519139,-0.648629,1.917253,0.301933,-0.099132,1.453461,0.171786,-0.489384,1.59946
3.804893,9.179062,13.755646,35.992962,84.922028,148.28067,0.033807,0.054298,0.059121,0.999428,0.998525,0.998251,-5.348541,17.393951,24.999371,-1.291721,25.406639,-31.868044,0.535537,-0.631504,1.872965,0.321468,-0.079763,1.489862,0.183794,-0.488354,1.608035
3.852291,9.415421,14.06279,35.711697,84.454865,147.704102,0.043251,0.059921,0.061343,0.999064,0.998203,0.998117,-4.964592,17.057838,24.935467,-1.029003,25.318291,-31.597433,0.535776,-0.516148,1.590577,0.383408,-0.07585,1.651796,0.172333,-0.467785,1.592002
3.993416,9.663353,14.414215,35.552055,84.292992,147.535385,0.046796,0.061822,0.063189,0.998904,0.998087,0.998001,-4.661726,16.939568,24.757172,-0.859901,25.289696,-31.286335,0.528554,-0.48217,1.486645,0.404522,-0.057052,1.718885,0.177371,-0.463054,1.595245
3.970451,9.661736,14.431717,35.247269,83.942909,147.12851,0.053286,0.065668,0.065247,0.998579,0.997841,0.997869,-4.290758,16.674278,24.15201,-0.522758,25.227745,-30.800774,0.501054,-0.380695,1.200102,0.459896,-0.031105,1.874333,0.163011,-0.437651,1.574689
4.077404,9.82737,14.676315,35.071804,83.742973,146.904236,0.056471,0.067236,0.066912,0.998404,0.997737,0.997759,-4.044783,16.564262,23.662159,-0.26609,25.204094,-30.359802,0.481062,-0.345544,1.094549,0.480292,-0.016313,1.950743,0.165789,-0.426802,1.575603
4.216263,10.073074,15.011993,35.068542,83.792801,146.950455,0.059029,0.068637,0.068332,0.998256,0.997641,0.997662,-3.866798,16.533501,23.334637,-0.123131,25.207695,-30.017292,0.47766,-0.330515,1.057603,0.495606,-0.00869,2.000666,0.171327,-0.423219,1.581225
9.911392,34.358063,75.100159,31.952103,71.451111,116.729103,0.40822,0.598417,0.652617,0.912884,0.801185,0.757688,-3.540331,16.497276,22.29464,0.20929,25.390663,-29.643953,0.430111,-0.255725,0.837841,0.538957,0.020392,2.123254,0.154214,-0.393362,1.555002
12.106293,40.663517,85.922287,30.369461,68.240326,111.725227,0.524958,0.702351,0.737337,0.851128,0.71183,0.675525,-5.944389,16.762016,19.575377,0.279707,25.12999,-28.992092,0.426708,-0.152061,0.798386,0.509322,0.384387,2.09153,0.195359,-0.334825,1.503445
13.077293,42.724911,88.457329,29.665329,67.288734,110.919846,0.55261,0.715465,0.743594,0.83344,0.698648,0.668632,-7.845552,16.931259,17.283428,-0.023623,25.061119,-28.474661,0.420723,-0.113374,0.763787,0.555436,0.480826,2.132753,0.234877,-0.298247,1.479427
13.513485,43.148643,88.540543,29.018234,66.815292,110.842613,0.5564,0.713304,0.738532,0.830914,0.700855,0.674218,-9.411659,16.905617,14.156556,0.036539,25.031548,-28.026361,0.338784,-0.05551,0.639321,0.5912,0.406274,2.267399,0.241034,-0.251893,1.434329
16.027626,52.94611,111.978989,22.874453,41.451004,48.484467,0.811458,0.97707,0.994043,0.584411,0.212919,0.10899,-10.417128,16.837875,11.693815,-0.114067,24.973183,-27.659136,0.328795,-0.027522,0.576208,0.60382,0.382001,2.329026,0.254265,-0.229608,1.421364
17.017101,55.917549,116.950775,16.997108,29.799816,33.051071,0.875803,0.9965,0.999988,0.482669,0.083594,0.004868,-13.518039,15.72126,9.668101,0.547129,23.825569,-26.786074,0.188525,0.053376,0.504162,0.673978,0.266031,2.241045,0.290022,-0.151488,1.160235
17.309429,56.886532,118.320976,14.63217,26.058411,29.791519,0.884361,0.996933,0.999959,0.466804,0.078263,0.009014,-15.953907,14.858086,7.82772,0.972548,22.883774,-25.292486,0.150737,0.080651,0.404081,0.7095,0.259323,2.140268,0.304638,-0.117824,1.020323
17.682308,57.365284,118.795769,13.46343,24.547573,29.248413,0.881978,0.995771,0.99955,0.471291,0.091865,0.029993,-17.609682,14.275146,5.690207,1.677254,22.440163,-23.549801,0.104755,0.113374,0.284534,0.71757,0.176324,2.145298,0.315452,-0.094179,0.92875
17.846355,57.736656,119.186737,13.281925,24.832817,30.857933,0.877558,0.993745,0.99856,0.47947,0.111676,0.053646,-18.647757,13.953522,3.847025,1.954298,22.157585,-22.009188,0.09921,0.114263,0.243286,0.721552,0.153225,2.142868,0.319745,-0.09285,0.895836
17.893694,57.654243,118.954872,12.93778,24.696083,31.837593,0.870932,0.991412,0.996984,0.491403,0.130777,0.077603,-19.260563,13.883682,2.066427,2.523125,22.34565,-19.946093,0.061356,0.11826,0.175036,0.695873,0.0427,2.184963,0.318169,-0.09237,0.835716
17.919785,57.704048,118.890175,12.992086,25.383717,33.900375,0.864595,0.988315,0.994796,0.502469,0.152428,0.101888,-19.644539,13.886497,0.625607,2.848894,22.47731,-18.264339,0.054954,0.112283,0.151919,0.691364,0.000415,2.192588,0.317491,-0.098138,0.814613
17.485023,56.935783,117.912903,12.888924,25.650345,35.30162,0.858243,0.985088,0.991996,0.513243,0.172051,0.126272,-20.037445,14.20507,-0.15394,3.153115,22.957024,-16.557795,0.039451,0.11075,0.111721,0.59044,-0.100043,2.158527,0.293763,-0.110851,0.765583
17.326393,56.663616,117.449593,12.900002,26.244541,37.282761,0.851536,0.981081,0.988549,0.524296,0.193596,0.150899,-20.363716,14.411278,-0.846344,3.342647,23.201469,-15.191301,0.035993,0.107093,0.099176,0.558976,-0.132084,2.130744,0.282978,-0.120315,0.745544
16.567921,55.40107,115.92141,12.9594,26.696598,38.851051,0.843718,0.976833,0.984547,0.536787,0.214003,0.175122,-20.778494,14.952858,-0.617409,3.274529,23.465675,-13.881878,0.053861,0.100296,0.072383,0.400757,-0.200701,2.017963,0.248758,-0.141475,0.717487
16.33004,54.959633,115.222069,12.899031,27.124165,40.643204,0.836554,0.971961,0.979901,0.547884,0.235142,0.199485,-21.149387,15.281013,-0.669334,3.23669,23.52813,-12.811806,0.054572,0.103308,0.0693,0.357324,-0.215171,1.955107,0.233702,-0.152624,0.699132
15.653946,53.809124,113.753128,12.744053,27.349144,42.022186,0.826772,0.966448,0.974828,0.562537,0.256862,0.222961,-21.479717,15.837914,-0.088633,3.115845,23.37368,-11.688522,0.071511,0.066099,0.069674,0.233167,-0.271835,1.781973,0.207954,-0.176596,0.671431
15.476521,53.414829,113.049202,12.55502,27.503681,43.453987,0.819006,0.960785,0.969181,0.573785,0.277294,0.24635,-21.756104,16.160454,0.15165,3.090294,23.154305,-10.718178,0.073954,0.070196,0.069188,0.205043,-0.276354,1.697037,0.197852,-0.187373,0.650709
15.16918,52.94915,112.305756,12.534557,27.976822,45.121628,0.810969,0.954671,0.963218,0.585089,0.297664,0.268723,-21.866421,16.400002,0.502757,3.115075,22.675835,-9.406638,0.076246,0.028704,0.073674,0.163866,-0.342978,1.589884,0.19555,-0.193494,0.64065
15.09902,52.677536,111.663666,12.551504,28.465309,46.857666,0.803198,0.948234,0.95671,0.595712,0.317573,0.291044,-21.953087,16.550682,0.517258,3.161361,22.337578,-8.322762,0.074212,0.03036,0.073649,0.157648,-0.355548,1.548429,0.195071,-0.194831,0.628892
15.256758,52.871193,111.543251,13.063819,29.736702,49.33358,0.794818,0.941543,0.950155,0.606849,0.336893,0.311778,-21.787823,16.656479,0.568742,3.308234,21.938408,-6.994337,0.072847,0.001846,0.080272,0.185975,-0.388922,1.549533,0.222453,-0.173799,0.648176
15.245214,52.637611,110.884087,13.347582,30.661716,51.463364,0.786249,0.934347,0.943124,0.61791,0.356365,0.33244,-21.686329,16.719223,0.43605,3.380508,21.72625,-6.091136,0.07034,-0.00027,0.082327,0.195724,-0.400615,1.552231,0.227177,-0.162837,0.650686
15.510484,52.792145,110.59816,13.916845,32.003471,53.965973,0.777337,0.927183,0.936244,0.629085,0.374608,0.351352,-21.223652,16.894264,0.080786,3.596688,21.512276,-4.853583,0.072821,-0.019531,0.082908,0.245608,-0.404745,1.571978,0.255011,-0.129271,0.666937
15.482059,52.502144,109.860107,14.197571,32.916256,55.993065,0.768413,0.919568,0.928977,0.639954,0.39293,0.370136,-20.953222,16.965675,-0.269546,3.729708,21.418709,-4.163816,0.069202,-0.021307,0.084558,0.257732,-0.408677,1.576286,0.259628,-0.114095,0.670322
15.645237,52.428398,109.260399,14.696852,34.059769,58.216415,0.759249,0.912033,0.921844,0.650801,0.410118,0.387562,-20.302008,17.201447,-0.963193,4.045168,21.405632,-3.059581,0.072928,-0.02984,0.05964,0.308901,-0.391854,1.585948,0.275963,-0.07808,0.674049
15.584385,52.077061,108.44957,14.912897,34.871456,60.061554,0.750059,0.904097,0.914421,0.66137,0.427327,0.404765,-19.918139,17.296043,-1.488101,4.247704,21.421272,-2.520211,0.069344,-0.029822,0.059539,0.31969,-0.389779,1.584596,0.279199,-0.063362,0.675079
15.582331,51.647694,107.398674,15.283099,35.778419,61.974373,0.741173,0.896094,0.906994,0.671314,0.443864,0.421143,-19.143841,17.440498,-2.306278,4.753871,21.440887,-1.57523,0.063418,-0.032849,0.033093,0.350609,-0.347748,1.575758,0.28325,-0.030003,0.668594
15.491735,51.250858,106.533066,15.465835,36.522869,63.689919,0.731988,0.887906,0.899348,0.681318,0.460024,0.437234,-18.689642,17.48304,-2.855489,5.06087,21.453224,-1.118446,0.059629,-0.029321,0.032622,0.357505,-0.340034,1.568781,0.285133,-0.016959,0.669255
15.387959,50.841385,105.644852,15.653239,37.272449,65.391174,0.722982,0.879646,0.891518,0.690867,0.475628,0.452986,-18.40127,17.491859,-3.247488,5.262429,21.479988,-0.902627,0.05763,-0.028523,0.03348,0.359455,-0.338048,1.567948,0.285561,-0.011493,0.669839
15.171717,50.082485,104.190979,15.873603,37.974476,67.019318,0.71459,0.87094,0.883522,0.699543,0.49139,0.468389,-17.741816,17.509163,-3.857383,5.775585,21.453148,-0.1881,0.04532,-0.032912,0.023323,0.360644,-0.28881,1.531372,0.273403,0.006514,0.655454
15.055687,49.65358,103.270576,16.012623,38.640366,68.599495,0.705897,0.86242,0.875335,0.708314,0.506193,0.483517,-17.342926,17.506027,-4.252497,6.081594,21.426353,0.210322,0.042515,-0.029343,0.024241,0.362256,-0.278036,1.519602,0.273234,0.014423,0.654097
14.694242,48.723389,101.639107,16.095314,39.231396,70.119354,0.696947,0.852909,0.866866,0.717123,0.522059,0.498542,-16.751932,17.494392,-4.939779,6.575004,21.323204,1.040537,0.026949,-0.02606,0.032301,0.342069,-0.231105,1.466536,0.251415,0.02365,0.633615
14.542539,48.239822,100.640732,16.198338,39.839516,71.617462,0.688194,0.844007,0.8582,0.725526,0.536332,0.513315,-16.382963,17.492455,-5.372508,6.872821,21.239723,1.576519,0.024634,-0.023722,0.036256,0.340878,-0.220089,1.452698,0.249759,0.028113,0.630296
14.425937,47.806122,99.684601,16.351107,40.521309,73.175415,0.679257,0.834887,0.849392,0.7339,0.550421,0.527763,-16.148249,17.510017,-5.684304,7.070419,21.198486,1.904194,0.023493,-0.023526,0.038604,0.34279,-0.216936,1.449109,0.249497,0.030405,0.629708
14.006981,46.830364,98.020531,16.471853,41.239418,74.827362,0.669527,0.824515,0.840279,0.742788,0.56584,0.542153,-15.798395,17.546272,-6.409261,7.415193,21.133926,2.661296,0.008547,-0.015359,0.063049,0.328406,-0.185848,1.412722,0.225705,0.033001,0.613385
13.832385,46.301266,96.941719,16.594101,41.862324,76.303925,0.660662,0.815052,0.830989,0.750684,0.579388,0.556289,-15.550271,17.592293,-6.875982,7.62851,21.094215,3.177049,0.006651,-0.015021,0.068717,0.32529,-0.178189,1.402826,0.22348,0.034919,0.611112
13.493858,45.470451,95.461594,16.794193,42.656483,78.016655,0.65047,0.804407,0.821425,0.759532,0.594078,0.570316,-15.363936,17.648781,-7.670841,7.863166,21.068718,3.984703,-0.006177,0.001841,0.101979,0.328922,-0.163293,1.391661,0.206063,0.036509,0.602256
13.323033,44.937489,94.358093,16.952824,43.320885,79.515709,0.641516,0.794527,0.811702,0.76711,0.607228,0.584071,-15.210058,17.71917,-8.206018,7.993555,21.070137,4.526816,-0.008176,0.002763,0.108011,0.325048,-0.159168,1.386092,0.204363,0.037802,0.602465
13.192369,44.467957,93.31356,17.125784,43.996788,81.010109,0.63272,0.784549,0.801832,0.77438,0.620067,0.59755,-15.099466,17.795601,-8.597381,8.078009,21.100716,4.851998,-0.009074,0.001846,0.110595,0.324824,-0.157554,1.383259,0.203948,0.039364,0.603444
12.940007,43.776508,91.993202,17.44648,44.814426,82.667892,0.622276,0.773823,0.791742,0.782798,0.633402,0.610856,-15.118368,17.872787,-9.334406,8.111147,21.132149,5.54398,-0.02056,0.024292,0.146475,0.337361,-0.159492,1.396842,0.191867,0.037982,0.605453
12.760073,43.216328,90.83152,17.656679,45.53336,84.18338,0.613461,0.763547,0.781514,0.789725,0.645752,0.623888,-15.075339,17.963875,-9.884802,8.097799,21.179802,6.021056,-0.022944,0.025437,0.154248,0.33002,-0.159912,1.395795,0.189402,0.037689,0.608985
12.611426,42.707302,89.71553,17.85076,46.217506,85.645599,0.604765,0.753198,0.771145,0.796404,0.657793,0.63666,-15.016538,18.055748,-10.315789,8.080533,21.240677,6.308369,-0.02416,0.0244,0.157857,0.326064,-0.160391,1.393418,0.188189,0.038335,0.611383
12.387841,42.067822,88.445297,18.320107,47.102821,87.317154,0.593836,0.742257,0.760566,0.804586,0.670115,0.649261,-15.141694,18.222198,-11.230259,7.932572,21.334671,7.086072,-0.03687,0.051006,0.20507,0.339884,-0.176752,1.415069,0.175599,0.028564,0.625091
12.17487,41.444656,87.186707,18.594805,47.911995,88.889801,0.585109,0.731663,0.74987,0.810955,0.681666,0.661585,-15.131951,18.380516,-11.934417,7.785872,21.419586,7.649834,-0.039082,0.052642,0.217203,0.326989,-0.18069,1.416464,0.171194,0.023826,0.632746
11.973761,40.853203,85.959038,19.227068,48.934845,90.678955,0.574809,0.721014,0.738866,0.818288,0.69292,0.673852,-15.253168,18.79435,-13.21911,7.545444,21.577583,8.63355,-0.047565,0.0777,0.268569,0.32774,-0.212963,1.416214,0.158054,-0.001291,0.658912
11.73164,40.180061,84.621582,19.564184,49.850258,92.345886,0.566173,0.710193,0.727748,0.824286,0.704007,0.685844,-15.210723,19.121986,-14.150509,7.309331,21.708778,9.389469,-0.049317,0.078337,0.286812,0.310836,-0.21986,1.414247,0.152074,-0.01396,0.669875
11.51609,39.546894,83.31797,19.825113,50.619507,93.838013,0.557303,0.69925,0.716531,0.830309,0.714877,0.697555,-15.101601,19.359047,-14.849804,7.110673,21.815193,9.919237,-0.050536,0.078382,0.296055,0.297858,-0.22363,1.412064,0.147686,-0.020853,0.676431
11.436644,39.163994,82.306374,20.514805,51.668701,95.612778,0.549635,0.689412,0.704867,0.835405,0.72437,0.70934,-15.233354,19.940956,-16.127914,6.703757,22.009956,10.970315,-0.052957,0.093522,0.338485,0.287685,-0.259855,1.375081,0.13846,-0.057351,0.709505
11.200002,38.488819,80.929672,20.880899,52.621712,97.288521,0.54102,0.678173,0.693112,0.84101,0.734902,0.72083,-15.184888,20.393623,-17.031515,6.329603,22.185806,11.844893,-0.054047,0.092272,0.361226,0.269332,-0.26594,1.364519,0.132934,-0.076749,0.72203
10.95666,37.794174,79.523499,21.182577,53.443474,98.80629,0.531952,0.666767,0.681299,0.846775,0.745266,0.732005,-15.042714,20.716759,-17.718912,6.003794,22.329559,12.51262,-0.05554,0.091761,0.374796,0.252021,-0.270023,1.360924,0.127414,-0.08838,0.731459
11.159006,37.734985,78.829826,21.889252,54.518349,100.58342,0.5257,0.656779,0.669211,0.85067,0.754083,0.743072,-15.190319,21.387344,-18.931637,5.473377,22.419319,13.581973,-0.052373,0.085476,0.413447,0.21557,-0.299437,1.272441,0.132093,-0.132778,0.773065
10.983391,37.147888,77.529297,22.263582,55.461788,102.215225,0.516851,0.645012,0.65707,0.856075,0.764173,0.75383,-15.154072,21.91581,-19.801847,5.013076,22.524765,14.463765,-0.05186,0.078503,0.43872,0.202166,-0.304828,1.24798,0.129817,-0.15683,0.787278
10.749699,36.453159,76.102936,22.580141,56.289436,103.703575,0.50746,0.633149,0.644921,0.861675,0.77403,0.764249,-14.987621,22.288017,-20.478863,4.613722,22.614754,15.125066,-0.053971,0.074986,0.455181,0.186678,-0.3094,1.24036,0.125086,-0.171485,0.798407
11.143217,36.507523,75.509438,23.220606,57.382904,105.526718,0.500541,0.622681,0.63275,0.865713,0.782476,0.774356,-14.990017,22.843117,-21.758274,4.058589,22.468521,15.768254,-0.056243,0.055123,0.486621,0.129633,-0.32709,1.121183,0.147255,-0.210887,0.847815
11.031957,36.005413,74.298317,23.581923,58.270344,107.052589,0.491057,0.61063,0.620634,0.871127,0.791916,0.7841,-14.879515,23.26268,-22.665947,3.625748,22.395866,16.327009,-0.055559,0.048371,0.511906,0.124065,-0.331486,1.095012,0.149888,-0.231648,0.864236
10.829545,35.350094,72.915634,23.896435,59.056076,108.441376,0.481491,0.598786,0.608594,0.876451,0.800909,0.793482,-14.665454,23.548149,-23.352406,3.264109,22.362633,16.772886,-0.058117,0.045526,0.528359,0.11385,-0.336071,1.088914,0.147443,-0.244789,0.876941
11.237209,35.320023,72.239052,24.366014,60.000587,110.093567,0.474535,0.5891,0.596706,0.880237,0.80806,0.80246,-14.612046,23.820183,-24.662731,2.684929,21.948006,16.826172,-0.069138,0.023028,0.559803,0.041057,-0.346774,0.956128,0.181432,-0.26981,0.929721
11.159453,34.863449,71.092743,24.716394,60.818329,111.48748,0.465266,0.577385,0.58488,0.885171,0.816472,0.811119,-14.525632,24.031593,-25.61146,2.313057,21.692337,16.979939,-0.067752,0.020368,0.585486,0.037976,-0.349441,0.93354,0.186951,-0.284332,0.94901
10.992676,34.259075,69.779839,25.036358,61.566761,112.77877,0.455861,0.565825,0.57316,0.890051,0.824525,0.819444,-14.351491,24.179138,-26.331173,2.047692,21.529594,17.181034,-0.069556,0.019443,0.60147,0.031804,-0.352782,0.928872,0.186654,-0.294936,0.96391
11.355796,34.145725,69.027199,25.215914,62.183239,114.044739,0.448757,0.556334,0.561533,0.893654,0.830959,0.827454,-14.353491,24.14286,-27.612465,1.532349,20.872047,16.755478,-0.087919,0.001522,0.640268,-0.038831,-0.343373,0.774249,0.226182,-0.299187,1.007013
11.31531,33.755566,67.966484,25.477982,62.830009,115.205971,0.43925,0.544577,0.549974,0.898365,0.838711,0.835182,-14.371855,24.127113,-28.542736,1.277582,20.481323,16.544321,-0.084123,0.004311,0.665606,-0.037094,-0.340055,0.747964,0.235001,-0.302373,1.023943
11.197095,33.233868,66.75882,25.760843,63.487556,116.350845,0.429733,0.532986,0.538535,0.902956,0.846124,0.842603,-14.295334,24.118034,-29.251722,1.151505,20.239342,16.49535,-0.083563,0.005262,0.679667,-0.036664,-0.338648,0.739821,0.237697,-0.305491,1.037867
11.503041,33.023048,65.890633,25.630302,63.63401,117.035072,0.420582,0.522328,0.527138,0.907255,0.852745,0.849779,-14.342299,23.725769,-30.259287,0.90581,19.478577,15.855118,-0.099563,0.008959,0.724075,-0.087726,-0.300506,0.579049,0.281314,-0.280072,1.068204
11.482018,32.662251,64.866074,25.789703,64.109497,117.967224,0.410715,0.510464,0.515838,0.911764,0.859899,0.856686,-14.482711,23.46154,-31.032145,0.904101,19.044487,15.43993,-0.092963,0.022176,0.749792,-0.07887,-0.289401,0.551929,0.292646,-0.264991,1.08067
11.407511,32.215275,63.751549,26.019958,64.672523,118.967529,0.401281,0.498954,0.504662,0.915955,0.866628,0.863317,-14.564937,23.286201,-31.63908,1.010297,18.785011,15.235426,-0.088307,0.027013,0.762837,-0.072771,-0.283504,0.54367,0.298243,-0.256227,1.092462
11.547612,31.792717,62.659107,25.699936,64.555244,119.291351,0.389508,0.486973,0.493585,0.921023,0.873417,0.869698,-14.736382,22.684967,-32.122169,0.93882,18.211525,14.54258,-0.102327,0.06954,0.818141,-0.101204,-0.221945,0.406395,0.338664,-0.206763,1.107596
11.505666,31.42486,61.640476,25.801199,64.948769,120.092522,0.379706,0.475241,0.482638,0.925107,0.879856,0.87582,-15.004444,22.313942,-32.59016,1.077663,17.917809,14.058214,-0.095208,0.094956,0.841723,-0.087477,-0.2061,0.38408,0.349132,-0.179027,1.116291
11.452332,31.046556,60.620846,25.995527,65.457291,120.995544,0.370902,0.464021,0.471771,0.928672,0.885824,0.881721,-15.238738,22.090996,-33.013466,1.31146,17.760292,13.789822,-0.088001,0.104866,0.852703,-0.078028,-0.199165,0.378894,0.355449,-0.162868,1.126478
11.434559,30.527906,59.435223,25.712402,65.504585,121.500809,0.358502,0.450987,0.460948,0.933529,0.89253,0.887427,-15.598993,21.750481,-33.308277,1.218148,17.588387,12.827534,-0.104275,0.14694,0.909598,-0.081557,-0.138832,0.279613,0.385965,-0.109708,1.126178
11.385231,30.20475,58.481777,25.822376,65.936989,122.31514,0.349166,0.439426,0.450223,0.937061,0.898279,0.892916,-15.998631,21.583153,-33.649788,1.335423,17.546684,12.141292,-0.096204,0.166275,0.934614,-0.064876,-0.126463,0.26164,0.393678,-0.080876,1.132368
11.346363,29.899115,57.559811,26.010717,66.452484,123.196472,0.341066,0.428434,0.439507,0.94004,0.903573,0.898239,-16.351259,21.501732,-33.99086,1.550968,17.546043,11.708824,-0.085861,0.173056,0.948653,-0.055037,-0.121231,0.257027,0.39995,-0.064937,1.141305
11.278744,29.543379,56.624115,25.946362,66.999474,124.293953,0.332441,0.416032,0.428505,0.943124,0.90935,0.90354,-16.968803,21.64933,-34.805534,1.232793,17.480316,10.15098,-0.104501,0.196904,1.037565,-0.044421,-0.070615,0.198156,0.422884,-0.01263,1.146321
11.203877,29.21925,55.664631,26.046,67.462822,125.11129,0.323727,0.40474,0.417511,0.946151,0.914432,0.908672,-17.489162,21.761589,-35.344406,1.170159,17.468452,9.028402,-0.094419,0.206165,1.073169,-0.030441,-0.062247,0.180376,0.427681,0.012227,1.149287
11.125878,28.871637,54.682732,26.1572,67.883652,125.859123,0.315438,0.393654,0.406515,0.948946,0.919259,0.913644,-17.905869,21.832802,-35.730633,1.244447,17.446869,8.28006,-0.081702,0.209604,1.093192,-0.023965,-0.05765,0.171142,0.431969,0.021521,1.151378
10.83847,28.240181,53.429684,25.907959,68.109009,126.510658,0.305691,0.381831,0.395522,0.952131,0.924232,0.918457,-18.491196,22.097237,-36.210796,0.870103,17.304893,6.663738,-0.085867,0.230281,1.192135,-0.012649,-0.00707,0.136368,0.439662,0.045999,1.125776
10.683415,27.818724,52.369678,25.935501,68.460861,127.164734,0.29621,0.370725,0.38459,0.955123,0.928743,0.923087,-18.976225,22.355843,-36.603558,0.648165,17.168884,5.491396,-0.078873,0.239701,1.23745,-0.005939,0.000984,0.11647,0.440922,0.053989,1.12216
10.550841,27.413788,51.334465,26.02445,68.864014,127.863823,0.2874,0.359793,0.373679,0.957811,0.933032,0.927558,-19.376442,22.582237,-36.952564,0.529171,17.030708,4.676018,-0.068943,0.245384,1.269994,-0.003592,0.004543,0.104465,0.443052,0.052936,1.122226
10.191357,26.813372,50.142242,25.895344,69.298874,128.712418,0.279762,0.349462,0.362699,0.960069,0.93695,0.931906,-19.954168,23.120583,-37.23848,-0.05713,16.833351,2.937296,-0.067957,0.262409,1.394013,0.010947,0.042207,0.089127,0.436933,0.059882,1.091325
10.021366,26.393635,49.090916,25.965523,69.730568,129.424332,0.270933,0.338815,0.351713,0.962598,0.940853,0.936108,-20.434359,23.578896,-37.488243,-0.481791,16.629799,1.666991,-0.061851,0.262965,1.450845,0.015459,0.045562,0.076593,0.435373,0.057841,1.088075
9.604864,25.754774,47.856869,26.033194,70.469154,130.560989,0.264759,0.329745,0.340622,0.964315,0.94407,0.940201,-20.995871,24.245369,-37.341366,-1.276963,16.407372,-0.389797,-0.047487,0.263262,1.600565,0.035277,0.069313,0.084737,0.415358,0.05497,1.053216
9.431945,25.330055,46.799999,26.24304,71.136986,131.500977,0.255737,0.319347,0.329524,0.966746,0.947638,0.944147,-21.436474,24.742058,-37.298729,-1.82726,16.143837,-1.939682,-0.037693,0.246251,1.681923,0.039802,0.067869,0.081299,0.411154,0.049157,1.05238
9.283107,24.903717,45.742489,26.49987,71.825302,132.457077,0.246872,0.308755,0.318437,0.969048,0.951142,0.947944,-21.766083,25.072792,-37.334164,-2.189643,15.870735,-3.096724,-0.026388,0.229394,1.746362,0.04204,0.064772,0.080268,0.409716,0.040388,1.055902
8.794958,24.083632,44.308224,27.004076,73.062874,134.021667,0.240119,0.300378,0.30738,0.970743,0.95382,0.951587,-22.035084,25.458778,-36.665737,-2.865782,15.692207,-4.923658,0.009879,0.208309,1.931007,0.060764,0.070995,0.114583,0.37627,0.034883,1.030038
8.584672,23.563759,43.16357,27.398216,73.979134,135.184067,0.231259,0.290559,0.296464,0.972892,0.956857,0.955044,-22.231022,25.709602,-36.189701,-3.317285,15.465286,-6.383685,0.022326,0.171538,2.034608,0.065429,0.068108,0.117719,0.367653,0.032607,1.036134
8.416045,23.089508,42.072475,27.763622,74.802971,136.251251,0.222979,0.280597,0.285653,0.974823,0.959826,0.958333,-22.364672,25.863365,-35.878429,-3.610515,15.240143,-7.499659,0.033153,0.141972,2.107793,0.067525,0.065827,0.120025,0.363303,0.027143,1.04393
7.974559,22.289282,40.669437,28.511547,76.238365,137.968628,0.215503,0.272187,0.274737,0.976503,0.962244,0.961519,-22.432953,26.07074,-34.902958,-4.220169,15.254959,-8.997526,0.090886,0.124069,2.274248,0.073601,0.063505,0.151509,0.326394,0.032291,1.031906
7.804855,21.821695,39.593456,28.90818,77.060577,139.000031,0.20745,0.262822,0.263957,0.978246,0.964844,0.964534,-22.507627,26.167747,-34.194874,-4.573216,15.18573,-10.176946,0.105941,0.090008,2.369341,0.077575,0.061589,0.157346,0.317419,0.039372,1.042113
7.456102,21.118986,38.289974,29.669744,78.38887,140.572754,0.197638,0.253252,0.252997,0.980275,0.9674,0.967467,-22.454161,26.207649,-33.025345,-5.168168,15.36277,-11.525464,0.182052,0.068839,2.517339,0.076207,0.056504,0.169851,0.284926,0.058607,1.039019
7.330639,20.69961,37.261547,29.996122,78.994423,141.34877,0.189468,0.243761,0.242229,0.981887,0.969835,0.970219,-22.472374,26.192192,-32.099052,-5.45532,15.417915,-12.529939,0.202392,0.039805,2.598411,0.079113,0.056993,0.176985,0.277156,0.073114,1.048902
6.99121,19.941496,35.889584,30.643665,79.98069,142.524902,0.176413,0.232419,0.231438,0.984316,0.972616,0.97285,-22.333244,26.043587,-30.798695,-5.960472,15.594826,-13.563405,0.286432,-0.010002,2.75003,0.073168,0.053135,0.171742,0.250905,0.095264,1.055866
6.862538,19.489801,34.834438,30.953671,80.499947,143.199463,0.167701,0.223031,0.221041,0.985838,0.974811,0.975265,-22.264008,25.931664,-29.695269,-6.167658,15.636162,-14.353837,0.309873,-0.036755,2.825599,0.07384,0.054777,0.182242,0.243461,0.110968,1.06705
6.459831,18.637423,33.373753,31.448593,81.160164,143.996613,0.157342,0.212147,0.210488,0.987544,0.977238,0.977596,-22.03056,25.618141,-28.109358,-6.641271,15.704681,-15.279156,0.369387,-0.148206,2.968982,0.065388,0.053692,0.167949,0.217516,0.129676,1.076154
6.300958,18.130817,32.276321,31.81929,81.747284,144.737457,0.14894,0.203051,0.200428,0.988846,0.979168,0.979708,-21.858704,25.423264,-26.819807,-6.837992,15.687401,-16.013332,0.389152,-0.18244,3.042666,0.064744,0.054285,0.183071,0.209192,0.143101,1.09093
6.185626,17.704685,31.28211,32.070881,82.180908,145.31514,0.141179,0.19415,0.190755,0.989984,0.980972,0.981638,-21.720217,25.319717,-25.857412,-6.898458,15.650581,-16.544777,0.405077,-0.193966,3.085269,0.064281,0.055596,0.192679,0.204784,0.15189,1.10105
5.780497,16.814707,29.816599,32.50552,82.722504,145.953964,0.130546,0.183332,0.181059,0.991442,0.983051,0.983472,-21.461658,24.989281,-24.334763,-7.189303,15.735962,-17.326849,0.436827,-0.336698,3.186212,0.045648,0.046405,0.179639,0.178029,0.151056,1.112901
5.577103,16.246651,28.703062,32.956306,83.435722,146.807571,0.122321,0.174633,0.171917,0.99249,0.984634,0.985111,-21.223869,24.784813,-23.221365,-7.27921,15.777481,-17.945675,0.444505,-0.378411,3.250906,0.042617,0.043783,0.1922,0.167977,0.154067,1.130434
5.2651,15.451539,27.368105,33.521599,84.166367,147.618027,0.109194,0.162922,0.162943,0.994021,0.986639,0.986636,-20.924034,24.324356,-21.609409,-7.401191,15.93045,-18.95647,0.470403,-0.545804,3.344048,0.012301,0.021037,0.195058,0.142432,0.13819,1.148656
5.050465,14.895609,26.315998,34.088482,85.046066,148.628662,0.100861,0.154598,0.154517,0.994901,0.987977,0.98799,-20.698671,23.993446,-20.495487,-7.418697,16.029198,-19.703434,0.474413,-0.596198,3.418263,0.00649,0.014889,0.207747,0.131322,0.136196,1.169138
4.887291,14.3016,25.260372,34.784611,85.914841,149.568985,0.085461,0.142498,0.146594,0.996341,0.989795,0.989197,-20.424198,23.344673,-18.849422,-7.432237,16.203506,-20.930817,0.500219,-0.763516,3.505049,-0.027474,-0.026417,0.236867,0.114552,0.114045,1.192987
4.749875,13.893498,24.428257,35.36171,86.770981,150.534012,0.07679,0.134839,0.139351,0.997047,0.990867,0.990243,-20.246664,22.864128,-17.735472,-7.438259,16.294746,-21.755196,0.508516,-0.806187,3.573063,-0.032989,-0.04059,0.254431,0.107641,0.112045,1.213673
4.640179,13.55332,23.693857,35.749928,87.3573,151.218948,0.070402,0.128315,0.132606,0.997519,0.991734,0.991169,-20.088205,22.543823,-16.955784,-7.419059,16.331108,-22.30191,0.51526,-0.818387,3.615405,-0.034888,-0.0465,0.268061,0.103505,0.114835,1.228691
4.652879,13.280537,23.081696,36.439865,88.200027,152.143265,0.056769,0.118679,0.126839,0.998387,0.992933,0.991923,-19.86894,21.952873,-15.336413,-7.35225,16.58316,-23.45397,0.53852,-0.932642,3.678404,-0.057004,-0.08184,0.32794,0.099624,0.091366,1.257932
4.608642,13.069843,22.571867,36.914436,88.880463,152.911057,0.050026,0.113151,0.121764,0.998748,0.993578,0.992559,-19.696751,21.526039,-14.167436,-7.333218,16.707726,-24.185696,0.553544,-0.955163,3.725184,-0.058945,-0.094194,0.34955,0.099402,0.088663,1.277906
4.671792,12.952201,22.22213,37.589539,89.679192,153.778931,0.037411,0.105967,0.118034,0.9993,0.99437,0.99301,-19.339792,20.948051,-12.068305,-7.14905,17.142509,-25.490936,0.579364,-1.014491,3.783931,-0.071219,-0.12257,0.410106,0.103485,0.060546,1.313923
4.516021,12.572498,21.583103,37.281445,89.111938,153.180557,0.032648,0.101117,0.114526,0.999467,0.994875,0.99342,-19.02033,20.465889,-10.026114,-7.109218,17.488091,-25.865183,0.583264,-1.017556,3.726533,-0.07571,-0.130961,0.412222,0.102146,0.020139,1.302273
4.507878,12.479337,21.302622,37.952221,90.16552,154.377029,0.028831,0.098067,0.111493,0.999584,0.99518,0.993765,-18.655569,20.153725,-8.837117,-6.930559,17.496025,-26.299776,0.598468,-1.020789,3.785811,-0.074601,-0.131782,0.429709,0.10302,0.017241,1.336643
4.610751,12.499468,21.205624,38.702854,91.121384,155.410934,0.020804,0.094578,0.109935,0.999784,0.995517,0.993939,-17.960974,19.705322,-6.725558,-6.558816,17.937462,-27.588306,0.604523,-1.030959,3.84667,-0.070064,-0.163533,0.472806,0.11073,-0.015624,1.385594
4.516212,12.267377,20.847321,38.633236,90.916779,155.201584,0.018367,0.092317,0.108683,0.999831,0.99573,0.994076,-17.343546,19.334435,-4.754628,-6.345849,18.225624,-28.026295,0.608087,-1.028308,3.806213,-0.070077,-0.168941,0.483499,0.111921,-0.049242,1.387498
4.56762,12.250573,20.761503,38.923584,91.140755,155.43158,0.015906,0.092011,0.108979,0.999873,0.995758,0.994044,-16.252386,18.751984,-1.550535,-5.923449,18.913902,-29.307198,0.613389,-0.990269,3.762423,-0.053702,-0.201649,0.51962,0.122623,-0.110989,1.422249
4.607026,12.284457,20.788897,39.180202,91.472313,155.820984,0.015948,0.091998,0.109664,0.999873,0.995759,0.993969,-15.220523,18.330688,1.016769,-5.638454,19.165321,-30.01387,0.633412,-0.979345,3.728872,-0.048167,-0.197642,0.544782,0.13067,-0.144204,1.446389
4.659216,12.37843,20.912933,39.447945,91.827698,156.230774,0.016754,0.09241,0.110495,0.99986,0.995721,0.993877,-14.322339,18.04512,2.959584,-5.412642,19.213829,-30.481819,0.648201,-0.972191,3.714152,-0.042239,-0.187601,0.565612,0.137562,-0.162341,1.47045
4.88508,12.802917,21.44566,39.713161,91.96904,156.347931,0.02332,0.097593,0.112859,0.999728,0.995226,0.993611,-13.069768,17.621712,6.188708,-5.139684,19.766212,-31.979404,0.662863,-0.892108,3.604481,-0.006777,-0.208154,0.630807,0.155131,-0.194391,1.510751
5.126611,13.264373,22.089222,40.282066,92.750885,157.21907,0.028216,0.1018,0.115778,0.999602,0.994805,0.993275,-11.888636,17.365623,8.549536,-4.981113,19.833672,-33.134525,0.694925,-0.856618,3.5825,0.012349,-0.187622,0.677971,0.170527,-0.185025,1.556017
5.441817,13.954424,23.0126,40.262424,92.357559,156.718735,0.042461,0.111104,0.119997,0.999098,0.993809,0.992774,-10.609859,17.073448,11.752896,-4.817816,20.28727,-34.713562,0.711125,-0.732849,3.385668,0.073624,-0.196079,0.786229,0.190012,-0.184924,1.586577
5.682013,14.421786,23.725441,40.110016,92.014687,156.32225,0.048444,0.115877,0.124276,0.998826,0.993264,0.992248,-9.514722,16.957497,14.050344,-4.801539,20.406654,-35.477043,0.744079,-0.690282,3.283391,0.096452,-0.169446,0.824816,0.206119,-0.181735,1.596126
5.899823,14.855766,24.409931,40.012329,91.756683,156.011032,0.053135,0.120093,0.128546,0.998587,0.992763,0.991704,-8.626388,16.929916,15.642498,-4.807225,20.398903,-35.859425,0.770952,-0.664911,3.225949,0.114875,-0.146327,0.84952,0.220249,-0.176082,1.604423
6.071905,15.276723,25.037918,39.653332,90.916855,154.978424,0.069132,0.129168,0.133313,0.997608,0.991623,0.991074,-7.76297,16.714813,17.606199,-4.699531,20.705505,-36.592083,0.764749,-0.571298,2.962015,0.182414,-0.133017,0.979404,0.230248,-0.177225,1.616201
6.274344,15.665651,25.667688,39.349186,90.429031,154.42247,0.075045,0.133638,0.137763,0.99718,0.99103,0.990465,-7.004792,16.672005,18.947031,-4.686584,20.861183,-36.85984,0.776962,-0.543796,2.825973,0.207143,-0.10315,1.032734,0.243128,-0.18098,1.622059
6.373277,15.919451,26.080038,38.948246,89.607025,153.406708,0.090062,0.141691,0.14233,0.995936,0.989911,0.989819,-6.295689,16.443832,20.314556,-4.572817,21.09964,-37.140663,0.755159,-0.467287,2.50002,0.275033,-0.069047,1.198065,0.248412,-0.190355,1.634736
6.560161,16.284861,26.663822,38.612675,89.166878,152.914032,0.095492,0.145377,0.146356,0.99543,0.989376,0.989232,-5.662824,16.41964,21.181124,-4.532422,21.285759,-37.176548,0.752647,-0.444896,2.333328,0.302774,-0.035002,1.269404,0.259337,-0.201685,1.641192
6.763244,16.682844,27.280024,38.445377,88.930626,152.631058,0.099717,0.148611,0.15004,0.995016,0.988896,0.98868,-5.129313,16.466888,21.748833,-4.531662,21.446846,-37.132351,0.759755,-0.434594,2.24648,0.324436,-0.010046,1.314771,0.27153,-0.211234,1.648954
6.747821,16.699684,27.378939,38.226234,88.584679,152.154083,0.1109,0.154518,0.153689,0.993832,0.98799,0.988119,-4.65927,16.325066,22.109274,-4.41316,21.565964,-36.988213,0.718401,-0.377855,1.921981,0.375622,0.041502,1.486027,0.265879,-0.222665,1.659438
12.350929,40.192581,85.140701,34.61665,74.097832,116.725021,0.454801,0.665291,0.716377,0.890593,0.746584,0.697713,-4.2582,16.340279,22.299347,-4.317937,21.756004,-36.817604,0.701563,-0.356811,1.763004,0.402805,0.076614,1.569619,0.271257,-0.235722,1.66691
14.546277,46.587692,95.872849,33.024757,70.314751,110.709045,0.580118,0.76326,0.793762,0.814533,0.646091,0.608229,-5.702306,16.545906,20.604338,-4.760132,21.385635,-35.341534,0.70477,-0.244325,1.527053,0.416739,0.44412,1.730649,0.327693,-0.200691,1.639366
15.432475,48.273773,97.832764,32.197468,69.691376,110.251328,0.606966,0.774789,0.799375,0.794728,0.63222,0.600832,-7.049318,16.891441,18.116936,-4.991172,21.613297,-34.462433,0.607781,-0.170039,1.223441,0.51927,0.533776,1.988866,0.352476,-0.173667,1.61653
15.785826,48.878082,98.24987,32.053047,69.934448,110.984695,0.61158,0.771459,0.794519,0.791182,0.636279,0.607239,-7.881942,17.133125,16.389469,-5.361748,21.989891,-33.882313,0.592754,-0.130883,1.093653,0.563192,0.564828,2.112418,0.368387,-0.171851,1.618806
15.961124,48.745995,97.595627,31.71632,70.161942,111.735352,0.609479,0.765975,0.787802,0.792802,0.642871,0.615928,-8.697994,17.16571,14.162899,-5.310776,22.289772,-33.528286,0.502192,-0.084257,0.867689,0.611213,0.512221,2.306051,0.362475,-0.155054,1.596463
16.062351,48.74329,97.186043,31.708111,70.596855,112.751869,0.606718,0.759055,0.780405,0.794917,0.651027,0.625274,-9.210495,17.056801,12.470523,-5.409165,22.55764,-33.259697,0.494489,-0.054504,0.76759,0.627365,0.501338,2.39344,0.365916,-0.155052,1.592855
18.128006,56.471199,115.907539,25.369898,44.921646,49.352833,0.843885,0.988693,0.998888,0.536524,0.149956,0.047147,-10.032559,16.679451,9.761761,-4.946695,22.527885,-33.051632,0.381512,0.001395,0.605528,0.680258,0.410921,2.586797,0.366676,-0.131976,1.576749
18.414959,58.697521,120.074112,19.675133,33.202835,33.785339,0.900807,0.999643,0.998473,0.434219,0.026723,-0.055238,-13.238269,15.641556,8.26256,-4.054292,21.939339,-31.548319,0.257464,0.060515,0.568467,0.748305,0.366669,2.462174,0.36399,-0.11084,1.329889
18.5058,59.077408,120.713242,16.635832,28.324156,29.285191,0.907711,0.999779,0.998802,0.419596,0.021022,-0.048926,-16.123695,14.64492,6.422982,-2.72205,21.41819,-29.757778,0.159508,0.11949,0.397404,0.780122,0.27683,2.416594,0.357601,-0.090124,1.159662
18.462805,59.280071,121.086929,15.580488,27.157459,29.37603,0.905297,0.999226,0.999674,0.42478,0.039331,-0.025512,-18.015139,14.09391,4.727448,-1.957192,21.160759,-27.957567,0.142502,0.125179,0.324062,0.776058,0.271668,2.347766,0.349735,-0.093094,1.081459
18.715693,59.403168,121.154114,14.642512,26.044128,29.399876,0.899226,0.998269,1.0,0.437485,0.058818,0.000218,-19.210699,13.722847,2.950375,-0.90943,21.193268,-26.173565,0.092261,0.149834,0.241454,0.788814,0.188154,2.352279,0.355266,-0.090449,1.006442
18.751602,59.520809,121.277481,14.449325,26.379246,31.195152,0.893319,0.996614,0.999646,0.449422,0.082225,0.026617,-19.920368,13.554619,1.491319,-0.298926,21.23304,-24.61244,0.086997,0.14717,0.207094,0.786446,0.164711,2.336303,0.354159,-0.09519,0.972439
18.693096,59.216434,120.809662,13.93166,25.975817,31.982727,0.885096,0.994553,0.998607,0.465408,0.104227,0.05277,-20.252996,13.576614,0.062409,0.59606,21.636276,-22.427271,0.048889,0.143474,0.149229,0.757908,0.049757,2.357747,0.349198,-0.097923,0.903048
18.622648,59.086628,120.561722,13.845789,26.464956,33.93539,0.877643,0.991718,0.996869,0.479315,0.128435,0.079067,-20.436998,13.650681,-1.076162,1.202666,21.91996,-20.592424,0.043261,0.133678,0.125643,0.746433,0.008191,2.342383,0.344805,-0.10417,0.873751
18.080513,58.115562,119.374168,13.559721,26.420616,35.06831,0.870053,0.988671,0.994458,0.492958,0.150098,0.10513,-20.683224,13.98877,-1.567593,1.721541,22.531075,-18.675573,0.031586,0.124874,0.093514,0.639085,-0.093371,2.291133,0.315751,-0.117986,0.814637
17.825548,57.688671,118.761078,13.431076,26.826689,36.941807,0.862659,0.984832,0.991333,0.505785,0.17351,0.131373,-20.918362,14.211357,-2.052624,2.095284,22.851837,-17.12261,0.027212,0.119321,0.083,0.597832,-0.123184,2.239051,0.300044,-0.127369,0.785897
16.945272,56.248146,117.063568,13.329828,27.055872,38.34724,0.854319,0.980758,0.987589,0.519749,0.195227,0.157058,-21.329922,14.815224,-1.694312,2.161911,23.204964,-15.585279,0.044315,0.106808,0.067956,0.421439,-0.191307,2.093459,0.259127,-0.147695,0.746646
16.631351,55.686783,116.248314,13.136331,27.28336,39.996197,0.846667,0.975993,0.983146,0.532123,0.217802,0.182823,-21.717775,15.18602,-1.634474,2.232212,23.296204,-14.307174,0.04678,0.109335,0.064241,0.368024,-0.203441,2.00881,0.239878,-0.158295,0.72061
15.830135,54.33287,114.564491,12.903145,27.445272,41.386963,0.836025,0.970469,0.978217,0.548691,0.241226,0.207587,-22.088758,15.857201,-1.082124,2.186356,23.244316,-12.923747,0.063794,0.075611,0.070243,0.230946,-0.264143,1.816944,0.206589,-0.180615,0.684574
15.598286,53.843857,113.76461,12.659974,27.534378,42.816315,0.827781,0.964779,0.97266,0.561052,0.263061,0.232234,-22.387894,16.249214,-0.8456,2.219594,23.098625,-11.744207,0.06718,0.079628,0.069925,0.195191,-0.266503,1.723722,0.193574,-0.19093,0.65937
15.265298,53.313446,112.959679,12.525965,27.87336,44.413982,0.818805,0.958526,0.966748,0.574071,0.285004,0.255732,-22.489075,16.54847,-0.520205,2.362965,22.759216,-10.162402,0.073674,0.036601,0.079301,0.148915,-0.327455,1.596301,0.190074,-0.199825,0.640318
15.17357,52.998066,112.270782,12.477692,28.267153,46.102371,0.810557,0.952023,0.960252,0.58566,0.306026,0.279135,-22.567457,16.73201,-0.496786,2.503681,22.496712,-8.862508,0.071682,0.038771,0.079387,0.141501,-0.337244,1.545411,0.188802,-0.201851,0.624388
15.29089,53.126385,112.070915,12.962779,29.522797,48.611668,0.801102,0.945141,0.953689,0.598528,0.326662,0.300796,-22.369429,16.836388,-0.431498,2.76244,22.169334,-7.374684,0.068561,0.010597,0.085098,0.172264,-0.372826,1.539283,0.213675,-0.181599,0.639741
15.268332,52.862507,111.374123,13.228393,30.429066,50.761204,0.792055,0.937863,0.946631,0.61045,0.347006,0.322319,-22.232187,16.89637,-0.536327,2.921286,21.97747,-6.345794,0.065757,0.00804,0.087314,0.181664,-0.38522,1.539066,0.218418,-0.170077,0.641038
15.510207,52.96796,111.02562,13.815687,31.798517,53.324726,0.782426,0.930561,0.939713,0.622744,0.366138,0.341965,-21.718422,17.036804,-0.823482,3.213065,21.765648,-4.995102,0.067309,-0.011332,0.087621,0.232544,-0.396027,1.56005,0.24569,-0.136092,0.658054
15.476379,52.661469,110.264931,14.096282,32.71711,55.38966,0.773183,0.922859,0.93239,0.634183,0.385137,0.361453,-21.410387,17.08477,-1.123343,3.404119,21.658409,-4.216577,0.063562,-0.013988,0.089379,0.243938,-0.401162,1.563551,0.250525,-0.120124,0.661474
15.629743,52.533001,109.589935,14.623159,33.900917,57.678677,0.7636,0.915273,0.925213,0.645689,0.402834,0.379447,-20.695986,17.319847,-1.760392,3.788283,21.623131,-3.040929,0.068678,-0.025201,0.066643,0.298358,-0.387811,1.573599,0.267163,-0.084337,0.667351
15.56666,52.171967,108.763794,14.844427,34.721256,59.556797,0.754217,0.907275,0.917736,0.656625,0.420539,0.397191,-20.267393,17.408173,-2.236119,4.037956,21.620483,-2.449564,0.065121,-0.025563,0.066705,0.309048,-0.386362,1.572418,0.270695,-0.069439,0.6688
15.556008,51.702221,107.657021,15.235657,35.662479,61.523659,0.744827,0.899181,0.910275,0.667257,0.437577,0.414004,-19.421074,17.563332,-2.990339,4.594766,21.62191,-1.455441,0.060152,-0.030567,0.042967,0.341823,-0.347088,1.562551,0.275023,-0.037,0.664826
15.463892,51.297779,106.778671,15.425722,36.416481,63.266342,0.735512,0.890953,0.902586,0.677512,0.454094,0.430508,-18.919649,17.604591,-3.486284,4.934075,21.619598,-0.96605,0.056518,-0.02713,0.042584,0.348791,-0.340147,1.557284,0.277156,-0.02368,0.666094
15.262305,50.531597,105.306488,15.648067,37.110584,64.912666,0.726553,0.882294,0.894725,0.68711,0.470698,0.446618,-18.086533,17.629234,-4.095011,5.54224,21.555916,-0.07829,0.044135,-0.032771,0.034174,0.353674,-0.289429,1.517912,0.265961,-0.004853,0.652277
15.143499,50.095093,104.38195,15.776483,37.765945,66.513741,0.717528,0.873839,0.886664,0.696529,0.486216,0.462415,-17.592808,17.618416,-4.47622,5.904384,21.499214,0.42284,0.041362,-0.028675,0.035016,0.355788,-0.279215,1.506969,0.265959,0.003634,0.650244
15.039411,49.683342,103.475662,15.941942,38.480263,68.157814,0.708454,0.865227,0.878451,0.705757,0.50138,0.477832,-17.287546,17.60833,-4.752217,6.133901,21.476295,0.699232,0.040048,-0.026712,0.035494,0.357086,-0.276501,1.504932,0.26651,0.007979,0.650203
14.69765,48.768944,101.850334,16.053663,39.099529,69.710289,0.699418,0.855766,0.869964,0.714713,0.517362,0.493114,-16.715708,17.612122,-5.345228,6.586372,21.359146,1.480039,0.025352,-0.02614,0.046759,0.336846,-0.231538,1.456748,0.245224,0.014889,0.6318
14.547169,48.289818,100.85643,16.159533,39.709396,71.21978,0.690719,0.846887,0.861277,0.723124,0.531773,0.508135,-16.359577,17.613792,-5.717588,6.859014,21.26947,1.986212,0.023315,-0.024239,0.050063,0.335212,-0.221722,1.444006,0.243843,0.019104,0.628717
14.139955,47.324524,99.201653,16.274876,40.4207,72.892784,0.680916,0.836668,0.852263,0.732362,0.54771,0.523114,-15.927147,17.642258,-6.453999,7.221651,21.15406,2.875206,0.008024,-0.016208,0.077695,0.31926,-0.18885,1.404449,0.22032,0.021071,0.611996
13.963935,46.795914,98.128578,16.386986,41.043598,74.398758,0.671907,0.827277,0.843064,0.740635,0.561794,0.537814,-15.63196,17.676483,-6.91906,7.451301,21.072273,3.480041,0.006112,-0.015389,0.082965,0.316176,-0.181385,1.393148,0.218383,0.022933,0.609076
13.837933,46.341717,97.126404,16.535498,41.714569,75.93927,0.662895,0.817694,0.83371,0.748713,0.575653,0.552202,-15.440658,17.720024,-7.253344,7.61178,21.034828,3.857365,0.005299,-0.015961,0.085309,0.317425,-0.179009,1.388603,0.218203,0.024506,0.608251
13.513063,45.525314,95.654236,16.764549,42.553406,77.70903,0.652688,0.80703,0.824075,0.757627,0.59051,0.566481,-15.278174,17.786331,-7.971767,7.810728,21.013023,4.572362,-0.007255,-0.000129,0.11993,0.321335,-0.163828,1.379034,0.201042,0.025632,0.601244
13.336647,44.983498,94.537537,16.928814,43.233467,79.237335,0.643724,0.797103,0.814275,0.765258,0.603844,0.580479,-15.138552,17.856361,-8.46891,7.916471,21.017006,5.054439,-0.009381,0.000843,0.12562,0.316553,-0.160567,1.373792,0.199262,0.026937,0.601817
13.199505,44.502953,93.477394,17.103657,43.919174,80.754852,0.634881,0.787057,0.804323,0.77261,0.61688,0.594193,-15.035857,17.927025,-8.843302,7.983885,21.046555,5.340266,-0.010443,0.000111,0.127908,0.315462,-0.159493,1.37091,0.198808,0.028707,0.602911
12.944508,43.807777,92.148758,17.435404,44.759216,82.450142,0.624479,0.776327,0.794132,0.781041,0.63033,0.607745,-15.059013,17.998627,-9.569373,7.990441,21.074379,6.002214,-0.021864,0.021992,0.165162,0.328083,-0.160405,1.384429,0.185826,0.026636,0.606237
12.753656,43.229607,90.962486,17.645847,45.487442,83.988358,0.615563,0.765965,0.783805,0.788088,0.642882,0.621008,-15.014921,18.081635,-10.116606,7.958222,21.118172,6.462279,-0.024317,0.023337,0.17285,0.319505,-0.161384,1.383466,0.18296,0.026165,0.60979
12.595305,42.705154,89.82515,17.838905,46.17635,85.467239,0.606757,0.755516,0.773337,0.794888,0.65513,0.633995,-14.95423,18.164864,-10.545147,7.928747,21.17614,6.734459,-0.025729,0.022742,0.175915,0.314634,-0.162102,1.381208,0.18169,0.027197,0.61203
12.363958,42.063423,88.551132,18.3085,47.071777,87.162804,0.595973,0.74457,0.762636,0.803004,0.667544,0.646828,-15.081944,18.320137,-11.4494,7.759764,21.268547,7.468135,-0.038338,0.048397,0.22366,0.32896,-0.176809,1.400999,0.168497,0.017397,0.626113
12.142771,41.426884,87.271805,18.582119,47.890404,88.758919,0.587129,0.733866,0.751815,0.809494,0.679295,0.659374,-15.071534,18.470314,-12.151463,7.597289,21.352669,8.000698,-0.040617,0.050067,0.235925,0.315416,-0.180782,1.40194,0.163766,0.012671,0.633606
11.933973,40.83374,86.040482,19.22053,48.936928,90.591034,0.577024,0.723135,0.740641,0.816727,0.690706,0.671901,-15.190918,18.876015,-13.426732,7.324172,21.517998,8.932857,-0.049779,0.07343,0.288795,0.316746,-0.211012,1.397943,0.15042,-0.012057,0.65999
11.687872,40.153591,84.686928,19.558884,49.867695,92.29023,0.568241,0.712152,0.729345,0.822862,0.702025,0.684146,-15.148001,19.199081,-14.358525,7.062577,21.653381,9.653861,-0.051732,0.074,0.307546,0.299979,-0.218123,1.395288,0.144248,-0.024715,0.670867
11.464735,39.505928,83.358215,19.824009,50.651566,93.811974,0.559211,0.701036,0.717947,0.829026,0.713126,0.696098,-15.03919,19.43338,-15.058203,6.845071,21.765312,10.160539,-0.053117,0.074347,0.31676,0.286561,-0.222198,1.393803,0.139633,-0.031362,0.677568
11.373905,39.103783,82.319252,20.52282,51.725143,95.633331,0.551724,0.691022,0.706068,0.834027,0.722834,0.708144,-15.154887,19.997726,-16.34944,6.394103,21.974533,11.157409,-0.056532,0.091326,0.358811,0.27447,-0.253866,1.353242,0.130679,-0.06511,0.710962
11.133387,38.42057,80.923462,20.890285,52.685738,97.333588,0.542968,0.679579,0.694082,0.839753,0.733602,0.719896,-15.101609,20.435432,-17.270487,5.984501,22.156883,11.988232,-0.05812,0.09058,0.38121,0.256384,-0.260088,1.343339,0.124946,-0.083319,0.723678
10.886152,37.716255,79.494896,21.194517,53.518013,98.877914,0.533734,0.667942,0.682026,0.845653,0.744213,0.731328,-14.958792,20.747704,-17.974546,5.631106,22.303246,12.623336,-0.059848,0.090296,0.394603,0.23925,-0.26459,1.340204,0.119302,-0.094389,0.7332
11.076462,37.634117,78.764145,21.906044,54.609108,100.693893,0.527677,0.657709,0.669648,0.849445,0.753272,0.742679,-15.09685,21.397331,-19.210264,5.058124,22.415581,13.617748,-0.057816,0.085617,0.429874,0.203113,-0.290903,1.249349,0.124245,-0.136398,0.774763
10.899817,37.043076,77.445313,22.279589,55.554913,102.344826,0.518756,0.645716,0.657199,0.854922,0.763577,0.753717,-15.058261,21.90847,-20.096275,4.567828,22.527542,14.440203,-0.057991,0.079303,0.454566,0.189897,-0.296554,1.226235,0.121992,-0.159064,0.788729
10.665455,36.343056,75.997482,22.596704,56.387703,103.854118,0.509219,0.633593,0.644737,0.860637,0.773666,0.764404,-14.893726,22.266304,-20.784288,4.148637,22.616371,15.05615,-0.060527,0.076139,0.470471,0.174494,-0.301484,1.219646,0.117407,-0.17288,0.799637
11.05261,36.381935,75.3694,23.248451,57.507385,105.724503,0.502397,0.622784,0.632211,0.864637,0.782394,0.774796,-14.896211,22.813683,-22.08514,3.561433,22.487663,15.620451,-0.063492,0.05656,0.498916,0.119038,-0.319295,1.100746,0.139923,-0.210743,0.848659
10.942389,35.875156,74.134308,23.613373,58.408737,107.281975,0.49275,0.610423,0.619727,0.870171,0.792076,0.784817,-14.785169,23.226448,-23.010754,3.11003,22.417809,16.12743,-0.063142,0.049969,0.523747,0.114211,-0.323806,1.07525,0.142721,-0.23069,0.864721
10.739738,35.21154,72.72258,23.929996,59.206429,108.699165,0.482927,0.598227,0.607317,0.87566,0.801326,0.79446,-14.569407,23.505188,-23.711685,2.737889,22.382217,16.538649,-0.065801,0.047193,0.539827,0.104673,-0.328362,1.068868,0.140492,-0.243339,0.877056
11.147896,35.170143,72.012787,24.426153,60.188454,110.404274,0.475814,0.588103,0.595056,0.879546,0.808786,0.803684,-14.504758,23.771721,-25.032362,2.125347,21.988152,16.543688,-0.077595,0.023244,0.569259,0.033416,-0.340678,0.938367,0.175104,-0.268236,0.930315
11.064991,34.697166,70.8284,24.789669,61.037243,111.845139,0.466362,0.576076,0.582856,0.884594,0.817396,0.812575,-14.401112,23.983223,-25.985081,1.725526,21.73996,16.669596,-0.076611,0.020002,0.595218,0.030691,-0.343765,0.916448,0.180512,-0.282537,0.949821
10.890634,34.072514,69.47319,25.120838,61.812561,113.17823,0.456739,0.564184,0.570761,0.889601,0.825649,0.821116,-14.20882,24.131645,-26.708387,1.433594,21.580086,16.852245,-0.078844,0.01872,0.611719,0.024742,-0.347311,0.911609,0.180011,-0.292931,0.96486
11.252954,33.945702,68.687454,25.340973,62.498604,114.531143,0.449136,0.554152,0.558787,0.893463,0.832416,0.829311,-14.187618,24.087929,-27.996935,0.875972,20.944191,16.366182,-0.098893,-0.00383,0.651534,-0.04217,-0.338285,0.758593,0.219835,-0.297588,1.009349
11.203173,33.533569,67.584846,25.627012,63.191898,115.754135,0.439327,0.542041,0.546891,0.898327,0.840352,0.837204,-14.179553,24.07563,-28.942432,0.591563,20.561653,16.135567,-0.095656,-0.00116,0.677136,-0.040705,-0.334979,0.733605,0.228276,-0.300912,1.027484
11.075398,32.989674,66.335228,25.928066,63.881927,116.943291,0.429558,0.530159,0.535123,0.903039,0.847898,0.844774,-14.083325,24.069992,-29.669966,0.44291,20.319283,16.092207,-0.095627,0.000016,0.691389,-0.040982,-0.333681,0.726848,0.230535,-0.304127,1.042402
11.394471,32.796383,65.470772,25.825754,64.079681,117.693176,0.420091,0.519134,0.523412,0.907482,0.854693,0.852079,-14.126854,23.661247,-30.693956,0.175355,19.542496,15.407043,-0.111844,-0.005833,0.737051,-0.088765,-0.296761,0.567359,0.274349,-0.280792,1.073669
11.37589,32.427975,64.420197,25.999302,64.586372,118.664986,0.409809,0.506946,0.511828,0.912171,0.861978,0.859088,-14.255003,23.398842,-31.475494,0.172025,19.096306,14.98947,-0.104155,0.006293,0.762517,-0.080052,-0.286042,0.541324,0.285983,-0.266668,1.086365
11.299644,31.968254,63.27578,26.239916,65.16954,119.691254,0.400018,0.495147,0.500391,0.916507,0.868809,0.8658,-14.323029,23.228065,-32.092236,0.283948,18.828117,14.799563,-0.098992,0.011127,0.775494,-0.074225,-0.280241,0.533682,0.29173,-0.258216,1.098605
11.451286,31.568092,62.195938,25.920267,65.0625,120.030647,0.38778,0.482812,0.489043,0.921752,0.875724,0.87226,-14.496449,22.600998,-32.588722,0.224349,18.235779,14.086822,-0.112937,0.048072,0.83108,-0.100928,-0.219852,0.399014,0.331917,-0.20917,1.114008
11.411723,31.19981,61.1623,26.018387,65.45549,120.833801,0.377721,0.470813,0.477833,0.92592,0.882233,0.87845,-14.770952,22.230598,-33.058155,0.373522,17.931473,13.608618,-0.105274,0.073535,0.855131,-0.087558,-0.204585,0.377907,0.342696,-0.181735,1.122434
11.35889,30.814548,60.120865,26.211578,65.96228,121.736794,0.36871,0.459357,0.466715,0.929544,0.888252,0.884408,-15.010342,22.014923,-33.482494,0.617153,17.768593,13.358434,-0.097672,0.083878,0.865942,-0.078223,-0.197804,0.373128,0.349294,-0.165652,1.132626
11.353992,30.31255,58.939354,25.89295,65.956718,122.179909,0.356105,0.446088,0.455636,0.934446,0.894989,0.890166,-15.38681,21.645599,-33.719707,0.550264,17.600365,12.404745,-0.112383,0.124588,0.922074,-0.081492,-0.136525,0.27714,0.380503,-0.111631,1.131465
11.309886,29.988033,57.970001,25.993959,66.3769,122.981445,0.346561,0.434269,0.444668,0.938027,0.900783,0.895696,-15.804995,21.472168,-34.02161,0.701314,17.562935,11.738709,-0.102956,0.145168,0.946401,-0.064412,-0.12412,0.259895,0.388976,-0.081974,1.137201
11.273777,29.678043,57.029388,26.180086,66.887726,123.858459,0.338293,0.423044,0.433716,0.941041,0.906109,0.901049,-16.177652,21.391655,-34.340935,0.954715,17.565445,11.328846,-0.091711,0.153029,0.959854,-0.054269,-0.11865,0.255444,0.395732,-0.065174,1.146162
11.01556,28.803974,55.463066,25.54081,66.233589,123.45385,0.323042,0.408812,0.423482,0.946384,0.912618,0.905904,-16.492491,21.125214,-34.191292,1.027519,17.536858,10.149535,-0.066448,0.157639,0.970833,-0.056788,-0.061889,0.194011,0.415334,-0.045905,1.100058
10.939417,28.455753,54.515991,25.646965,66.663605,124.202873,0.314274,0.398141,0.413322,0.949332,0.917324,0.910585,-16.805473,21.072243,-34.327934,1.20749,17.494667,9.315445,-0.053797,0.17118,0.993618,-0.047558,-0.057285,0.179245,0.422453,-0.035994,1.102865
10.729263,27.93639,53.426445,25.556129,67.144859,125.159012,0.305625,0.386898,0.402985,0.952152,0.922123,0.915207,-17.326456,21.292793,-34.809605,0.944922,17.333321,7.620511,-0.057851,0.191412,1.091878,-0.03368,-0.014865,0.142602,0.43435,-0.011756,1.09044
10.64632,27.654156,52.561768,25.771711,67.844475,126.217789,0.297551,0.376608,0.392531,0.954706,0.926373,0.919739,-17.833344,21.594437,-35.341061,0.783408,17.209816,6.376818,-0.050879,0.203606,1.14855,-0.025225,-0.009103,0.126311,0.440315,0.000111,1.100081
10.583452,27.391102,51.716957,26.024849,68.556755,127.280884,0.289988,0.366344,0.381937,0.95703,0.930479,0.924188,-18.309256,21.904991,-35.896332,0.687743,17.096397,5.488908,-0.040885,0.211619,1.19435,-0.021411,-0.006392,0.116181,0.446623,0.004155,1.1121
10.280088,26.91082,50.684692,26.022829,69.243561,128.451721,0.283282,0.356394,0.3711,0.959037,0.934336,0.928593,-19.000788,22.502335,-36.455555,0.120436,16.904549,3.648042,-0.045529,0.231042,1.333612,-0.004213,0.033147,0.101254,0.443291,0.018454,1.09249
10.169842,26.629646,49.804573,26.217369,69.937103,129.483307,0.275477,0.346099,0.360118,0.961308,0.938198,0.932907,-19.622652,23.054901,-36.992039,-0.327974,16.727768,2.26393,-0.040459,0.235883,1.405815,0.002532,0.037987,0.088373,0.44505,0.024472,1.098886
10.077295,26.33186,48.895439,26.438189,70.60704,130.474991,0.267748,0.335593,0.349008,0.963489,0.942007,0.93712,-20.15365,23.49897,-37.489655,-0.650843,16.550575,1.256518,-0.030748,0.237366,1.460703,0.005704,0.039748,0.080701,0.448123,0.024066,1.106826
9.68298,25.741173,47.712646,26.610922,71.532944,131.843201,0.262546,0.326665,0.337709,0.964919,0.94514,0.941251,-20.745693,24.140854,-37.567265,-1.385304,16.373749,-0.691813,-0.018146,0.237688,1.61399,0.026744,0.065774,0.092984,0.428215,0.027243,1.080037
9.53763,25.371395,46.707535,26.913425,72.383171,133.002106,0.254367,0.31631,0.326297,0.967108,0.948656,0.945267,-21.223061,24.648216,-37.737,-1.927225,16.154961,-2.179451,-0.009398,0.222848,1.70195,0.032097,0.065789,0.090832,0.425241,0.026353,1.086686
9.404314,24.974449,45.665955,27.233299,73.196785,134.109726,0.245802,0.305566,0.314837,0.96932,0.952171,0.949146,-21.582495,24.999153,-37.939957,-2.300833,15.91703,-3.306513,0.002121,0.207374,1.771144,0.034709,0.06411,0.090923,0.424391,0.020978,1.094953
8.882401,24.108238,44.157448,27.830959,74.611984,135.878616,0.239142,0.296975,0.303397,0.970984,0.954885,0.952864,-21.824038,25.392632,-37.414738,-2.973001,15.794655,-5.179126,0.036953,0.184418,1.963392,0.055363,0.074986,0.13079,0.388154,0.018634,1.073602
8.667246,23.588795,42.995247,28.319113,75.706116,137.241776,0.230563,0.286926,0.29201,0.973057,0.957953,0.956415,-22.000301,25.648117,-37.065193,-3.44885,15.595665,-6.691905,0.046751,0.143849,2.081531,0.060487,0.073055,0.135553,0.37908,0.018093,1.084776
8.166607,22.707462,41.471306,29.199375,77.421989,139.274017,0.222673,0.278156,0.280564,0.974893,0.960536,0.959835,-22.045492,25.911873,-36.026752,-4.185913,15.659187,-8.556526,0.101971,0.118433,2.274344,0.070668,0.076075,0.172294,0.338316,0.026865,1.075695
7.967957,22.200848,40.330215,29.710564,78.45607,140.538177,0.214279,0.268459,0.269254,0.976772,0.963291,0.963069,-22.101171,26.044785,-35.263844,-4.640363,15.594727,-10.011376,0.115604,0.074167,2.392081,0.075191,0.074258,0.180794,0.327218,0.035082,1.089812
7.587994,21.451023,38.948662,30.588997,79.983093,142.339462,0.203862,0.258476,0.257866,0.979,0.966018,0.966181,-21.993229,26.037857,-33.980434,-5.267875,15.782875,-11.618793,0.193133,0.048737,2.557481,0.078187,0.073919,0.200163,0.293328,0.056169,1.092107
7.448671,21.008167,37.875542,31.014832,80.756714,143.303787,0.19546,0.248692,0.246687,0.980712,0.968583,0.969095,-21.969259,25.992172,-32.958675,-5.57369,15.82608,-12.821239,0.214123,0.01167,2.652811,0.08175,0.073723,0.209905,0.284921,0.070813,1.10589
7.336,20.586723,36.825203,31.323353,81.347229,144.077209,0.187459,0.238733,0.235658,0.982272,0.971085,0.971836,-21.974731,25.944061,-32.204666,-5.711767,15.807655,-13.660359,0.229599,-0.011113,2.713508,0.082777,0.073242,0.215345,0.280779,0.076964,1.115977
6.974121,19.783173,35.384315,31.985086,82.333061,145.268692,0.17407,0.227024,0.224685,0.984733,0.973889,0.974431,-21.793373,25.714165,-30.953339,-6.089861,15.926811,-14.595129,0.310322,-0.056725,2.855415,0.079215,0.073993,0.212921,0.255622,0.09715,1.127942
6.83029,19.305145,34.291611,32.357914,82.952698,146.051697,0.165328,0.217426,0.214121,0.986239,0.976077,0.976807,-21.685165,25.569771,-29.898514,-6.230153,15.931877,-15.316323,0.330312,-0.084261,2.930741,0.079582,0.073175,0.224639,0.248158,0.110677,1.142435
6.40484,18.415817,32.779793,32.904022,83.656113,146.905685,0.154713,0.206323,0.203492,0.98796,0.978484,0.979077,-21.400589,25.213181,-28.241287,-6.614816,15.98568,-16.208496,0.386043,-0.198035,3.067379,0.072733,0.076859,0.213511,0.222179,0.129775,1.158788
6.23542,17.899818,31.671753,33.376995,84.404778,147.820541,0.146311,0.197097,0.193368,0.989239,0.980384,0.981126,-21.186893,25.015831,-26.91927,-6.767981,15.968102,-16.929508,0.403966,-0.234839,3.146551,0.071775,0.075939,0.230952,0.213519,0.142254,1.178459
5.831629,17.026169,30.205338,33.948975,85.133331,148.673218,0.134619,0.185641,0.183338,0.990897,0.982618,0.98305,-20.862017,24.640572,-25.04422,-7.071465,16.040451,-17.894045,0.439404,-0.385528,3.27017,0.051673,0.071938,0.223887,0.184714,0.144673,1.200747
5.631302,16.48719,29.118187,34.538357,86.052193,149.755875,0.126171,0.176747,0.173885,0.992009,0.984256,0.984766,-20.598839,24.415443,-23.654449,-7.191618,16.075966,-18.662781,0.451761,-0.429861,3.353761,0.048417,0.069585,0.242575,0.174064,0.150218,1.224619
5.330908,15.731339,27.821556,35.189812,86.841911,150.636383,0.112205,0.164772,0.1647,0.993685,0.986332,0.986344,-20.288425,23.948929,-21.69466,-7.299089,16.164093,-19.799849,0.483394,-0.596757,3.465128,0.017726,0.049352,0.248985,0.148771,0.139883,1.250079
5.151598,15.258675,26.863495,35.855068,87.842804,151.780334,0.103707,0.156484,0.156124,0.994608,0.98768,0.987737,-20.070986,23.640266,-20.313267,-7.336744,16.212547,-20.654518,0.49453,-0.641451,3.551752,0.012457,0.042429,0.267558,0.138733,0.142933,1.275406
5.042345,14.756516,25.91304,36.592922,88.694481,152.719254,0.08676,0.143979,0.148262,0.996229,0.989581,0.988948,-19.767954,23.052475,-18.350521,-7.326099,16.276215,-21.922955,0.528881,-0.794377,3.640029,-0.019903,-0.002465,0.304679,0.125125,0.12645,1.304567
4.967991,14.47271,25.234802,37.24337,89.637634,153.78537,0.078115,0.13668,0.141221,0.996944,0.990615,0.989978,-19.563604,22.628441,-17.001925,-7.356224,16.270035,-22.792892,0.545442,-0.826417,3.713878,-0.023978,-0.021208,0.329606,0.121215,0.130622,1.329562
4.909725,14.240807,24.642517,37.705883,90.319229,154.579681,0.071812,0.130594,0.134778,0.997418,0.991436,0.990876,-19.377487,22.361763,-16.046007,-7.373039,16.233292,-23.389431,0.558751,-0.830581,3.76294,-0.024825,-0.02906,0.348184,0.119501,0.139361,1.348863
4.969852,14.04052,24.133759,38.3965,91.094742,155.440628,0.056527,0.120861,0.129516,0.998401,0.992669,0.991577,-19.097328,21.794334,-14.265106,-7.280773,16.376518,-24.528608,0.585079,-0.934301,3.821024,-0.045385,-0.073269,0.413511,0.119314,0.120173,1.381976
5.014408,14.013725,23.879883,39.17606,92.236458,156.715469,0.05021,0.116647,0.125246,0.998738,0.993173,0.992126,-18.850117,21.42437,-13.111749,-7.249807,16.370293,-25.409044,0.608598,-0.95212,3.90309,-0.042784,-0.085109,0.44584,0.122501,0.137487,1.416173
5.174637,14.06694,23.772781,39.90472,93.065971,157.60968,0.037671,0.110389,0.122444,0.99929,0.993888,0.992475,-18.415936,20.883614,-11.033634,-7.034605,16.729774,-26.845333,0.632522,-1.001784,3.970088,-0.051459,-0.117337,0.514248,0.131655,0.119144,1.455249
5.242298,14.11557,23.705826,40.312931,93.608925,158.211746,0.033671,0.108055,0.120383,0.999433,0.994145,0.992727,-18.01211,20.495003,-9.42743,-6.953005,16.853592,-27.688179,0.658444,-1.000412,4.007529,-0.048472,-0.126603,0.536486,0.138571,0.119449,1.474311
5.394501,14.23481,23.765594,40.904907,94.284714,158.929688,0.026085,0.105396,0.119908,0.99966,0.99443,0.992785,-17.253218,19.945259,-7.038171,-6.623646,17.342995,-29.128614,0.672611,-0.997841,4.054492,-0.040882,-0.160252,0.581446,0.14902,0.084872,1.514665
5.437248,14.283058,23.798492,41.190437,94.63205,159.315201,0.024541,0.105051,0.120046,0.999699,0.994467,0.992768,-16.54611,19.52858,-5.123581,-6.419628,17.509689,-29.873407,0.693185,-0.985786,4.06319,-0.03621,-0.1634,0.601205,0.155186,0.071363,1.531985
5.457054,14.319786,23.846924,41.3829,94.851768,159.559494,0.024391,0.10528,0.120485,0.999702,0.994443,0.992715,-15.926453,19.225288,-3.679951,-6.245022,17.509911,-30.245287,0.705212,-0.973212,4.069143,-0.031915,-0.159956,0.613229,0.159147,0.064578,1.54557
5.577072,14.488022,24.072662,41.665081,95.078712,159.775192,0.02499,0.107566,0.122586,0.999687,0.994198,0.992458,-14.895676,18.742462,-1.081825,-5.861826,18.049538,-31.488445,0.702613,-0.920853,4.040512,-0.007658,-0.185094,0.658421,0.168832,0.023783,1.579701
5.636269,14.612671,24.303452,41.751152,95.114182,159.803909,0.026927,0.109687,0.125049,0.999637,0.993966,0.99215,-13.94491,18.348312,1.084201,-5.645416,18.219398,-32.06982,0.719562,-0.89679,4.001357,0.00046,-0.179569,0.679179,0.175958,0.00051,1.59236
5.787296,14.94825,24.806885,41.754208,94.850082,159.456451,0.036034,0.116326,0.128982,0.99935,0.993211,0.991647,-12.638414,17.853432,4.566549,-5.371758,18.852081,-33.374645,0.72163,-0.809294,3.866123,0.039367,-0.197502,0.74657,0.189263,-0.047163,1.62144
5.90892,15.209808,25.2668,41.644215,94.581772,159.144089,0.040557,0.120194,0.133041,0.999177,0.99275,0.99111,-11.448153,17.460304,7.370992,-5.267389,19.049301,-34.004501,0.74765,-0.776265,3.76825,0.052696,-0.181272,0.77353,0.200726,-0.076737,1.630938
6.057632,15.526695,25.803268,41.577271,94.379471,158.901047,0.044555,0.12383,0.137089,0.999007,0.992303,0.990559,-10.448864,17.183205,9.471224,-5.206566,19.06675,-34.348194,0.77129,-0.755548,3.703642,0.065016,-0.164599,0.791702,0.212205,-0.093267,1.640716
6.290447,16.035522,26.546158,41.326897,93.75148,158.132599,0.058725,0.132802,0.142129,0.998274,0.991142,0.989848,-9.330266,16.886383,12.353537,-5.126982,19.569527,-35.484692,0.771144,-0.664654,3.479145,0.122297,-0.167671,0.891759,0.226851,-0.118318,1.660142
6.501419,16.45771,27.232803,41.109173,93.338814,157.650101,0.064957,0.137766,0.147004,0.997888,0.990465,0.989136,-8.345112,16.730682,14.513229,-5.153196,19.781181,-36.050793,0.794552,-0.635122,3.351683,0.143115,-0.140905,0.932114,0.241605,-0.132926,1.669529
6.677738,16.856216,27.841202,40.684158,92.489105,156.615967,0.081491,0.147121,0.15229,0.996674,0.989118,0.988336,-7.400143,16.453522,16.902439,-5.104271,20.244888,-36.990227,0.789034,-0.550708,3.041793,0.21177,-0.122252,1.07493,0.253295,-0.149863,1.683473
6.893044,17.277794,28.522507,40.356136,91.959633,156.006927,0.088019,0.151847,0.157119,0.996119,0.988404,0.98758,-6.571751,16.373146,18.588234,-5.130152,20.542641,-37.403889,0.80383,-0.525149,2.873979,0.239579,-0.087486,1.139657,0.267646,-0.165112,1.69363
7.001507,17.532059,28.937332,39.927635,91.171684,155.02272,0.103888,0.160295,0.161973,0.994589,0.987069,0.986795,-5.829031,16.164528,20.147833,-5.054256,20.89991,-37.784119,0.78225,-0.454903,2.523392,0.308321,-0.048355,1.319427,0.273036,-0.183271,1.707577
7.180164,17.835197,29.314728,39.587593,90.739021,154.556076,0.108651,0.161938,0.16371,0.99408,0.986801,0.986509,-5.173207,16.159866,21.174356,-5.036665,21.202538,-37.878933,0.779985,-0.433755,2.340744,0.339667,-0.007885,1.400658,0.284887,-0.200825,1.716925
7.360931,18.123337,29.628326,39.425758,90.528419,154.327591,0.111396,0.162174,0.164157,0.993776,0.986762,0.986434,-4.61773,16.229286,21.879438,-5.042486,21.471008,-37.872471,0.78693,-0.424778,2.242795,0.364615,0.022671,1.453944,0.297842,-0.214474,1.727627
7.313793,17.992775,29.37616,39.229996,90.325195,154.027161,0.121493,0.165451,0.164543,0.992592,0.986218,0.98637,-4.160391,16.139534,22.265968,-4.911772,21.646797,-37.716068,0.742758,-0.372622,1.912071,0.415594,0.077801,1.638782,0.291322,-0.228575,1.738901
7.405582,18.119614,29.441055,39.011295,90.162552,153.878143,0.124308,0.164585,0.163763,0.992244,0.986363,0.9865,-3.776187,16.191879,22.515799,-4.797089,21.909355,-37.530949,0.724864,-0.353058,1.750769,0.445764,0.115178,1.729162,0.297325,-0.243828,1.749143
7.511745,18.244934,29.456879,38.931263,90.144402,153.881363,0.125515,0.162728,0.161915,0.992092,0.986671,0.986805,-3.447866,16.286797,22.707796,-4.720736,22.188133,-37.351318,0.720889,-0.344296,1.668358,0.469716,0.139956,1.789861,0.305527,-0.256227,1.759376
7.30867,17.799782,28.811508,38.920486,90.523544,154.263596,0.132052,0.16453,0.161285,0.991243,0.986372,0.986908,-3.126522,16.372093,22.260128,-4.44249,22.442116,-36.983612,0.65439,-0.293202,1.384125,0.505218,0.188849,1.98206,0.2888,-0.2563,1.760804
7.313633,17.72393,28.534531,38.853107,90.609184,154.395447,0.13295,0.161844,0.158442,0.991123,0.986816,0.987368,-2.898272,16.50647,21.945301,-4.188745,22.744576,-36.692486,0.627228,-0.271928,1.258241,0.531469,0.20815,2.083808,0.289451,-0.260779,1.771202
7.072033,17.214668,27.894684,38.906437,91.136383,154.927139,0.137344,0.163515,0.158758,0.990523,0.986541,0.987318,-2.571611,16.720001,20.849674,-3.732561,23.104736,-36.218231,0.538608,-0.218729,1.008071,0.555702,0.244543,2.286127,0.263981,-0.247227,1.768077
7.083271,17.216339,27.899124,38.905514,91.266464,155.059387,0.13988,0.16407,0.159318,0.990168,0.986449,0.987227,-2.425201,16.895676,20.094643,-3.354679,23.468307,-35.842667,0.508312,-0.195978,0.904586,0.574676,0.253916,2.394212,0.261322,-0.243843,1.777219
7.139668,17.30574,28.00032,38.944149,91.413834,155.202682,0.14181,0.16444,0.159684,0.989894,0.986387,0.987168,-2.359821,17.043739,19.61327,-3.093761,23.774193,-35.494362,0.497066,-0.186718,0.864196,0.589229,0.255178,2.463655,0.262376,-0.246004,1.783947
7.013134,16.899536,27.447205,39.04673,91.89563,155.669159,0.143966,0.164686,0.159434,0.989583,0.986346,0.987208,-2.008893,17.345375,18.219845,-2.61762,24.197426,-34.966904,0.403623,-0.128436,0.695674,0.606298,0.27828,2.643299,0.2405,-0.214923,1.774518
7.041626,16.855232,27.332367,39.058411,91.985741,155.756378,0.145963,0.164312,0.15876,0.98929,0.986408,0.987317,-1.861262,17.582268,17.251152,-2.222437,24.575317,-34.542,0.380089,-0.111511,0.639476,0.619298,0.286956,2.727602,0.240129,-0.202578,1.777933
7.015656,16.571762,26.848907,39.073685,92.230789,155.986221,0.146253,0.162571,0.157335,0.989247,0.986697,0.987545,-1.585298,17.929901,15.466282,-1.666555,25.07489,-33.984978,0.29356,-0.050423,0.503351,0.653532,0.299342,2.891696,0.230402,-0.165375,1.769218
7.096508,16.531845,26.659195,39.020878,92.188049,155.922485,0.147513,0.160949,0.155442,0.98906,0.986963,0.987845,-1.479959,18.198669,14.213727,-1.193533,25.517151,-33.44973,0.271873,-0.038036,0.466516,0.676384,0.301903,2.969179,0.236004,-0.151401,1.766621
7.156811,16.496597,26.473602,38.976589,92.153923,155.872589,0.147665,0.158948,0.153243,0.989037,0.987287,0.988188,-1.455683,18.421997,13.374976,-0.823818,25.894104,-32.904602,0.262126,-0.035058,0.455982,0.691494,0.297622,3.013915,0.241342,-0.147203,1.762987
7.181931,16.360657,26.102036,38.890869,92.131653,155.839676,0.145624,0.155399,0.150411,0.98934,0.987852,0.988623,-1.45703,18.613861,11.686324,-0.279202,26.338799,-32.240456,0.205453,0.007352,0.364274,0.711035,0.288086,3.139043,0.237052,-0.123133,1.751217
7.245998,16.270042,25.790726,38.756836,91.921227,155.597626,0.145182,0.15224,0.147181,0.989405,0.988343,0.98911,-1.517585,18.772072,10.503516,0.193974,26.73175,-31.550741,0.190386,0.009029,0.347258,0.724688,0.27969,3.184811,0.243568,-0.114527,1.741674
7.241199,16.096237,25.353882,38.69442,91.815407,155.48555,0.142883,0.147697,0.143272,0.989739,0.989033,0.989683,-1.682637,18.926086,8.731268,0.703863,27.238983,-30.817013,0.144894,0.034247,0.296207,0.736469,0.238263,3.284898,0.243395,-0.085866,1.726056
7.258678,15.906662,24.874191,38.579548,91.604683,155.263229,0.141426,0.143335,0.138911,0.989949,0.989674,0.990305,-1.822586,19.075783,7.452785,1.182594,27.696915,-30.063839,0.130496,0.030153,0.289978,0.744331,0.219508,3.318398,0.250393,-0.074292,1.715567
7.236324,15.675262,24.341705,38.501534,91.476921,155.146362,0.139297,0.138764,0.134241,0.990251,0.990325,0.990949,-1.91689,19.21405,6.532577,1.601303,28.087067,-29.372681,0.122191,0.025588,0.289576,0.746045,0.206993,3.335713,0.254837,-0.068844,1.707498
7.014759,15.202988,23.558502,38.474777,91.278709,154.915848,0.136149,0.132783,0.129031,0.990688,0.991145,0.99164,-2.236749,19.31752,5.217181,1.964287,28.608612,-28.692184,0.091898,0.042608,0.269897,0.746343,0.146524,3.404734,0.247739,-0.034108,1.691343
6.946732,14.867035,22.857391,38.361134,91.031769,154.665176,0.133123,0.127057,0.12341,0.9911,0.991895,0.992356,-2.445112,19.444473,4.251496,2.365303,29.062256,-27.974312,0.08204,0.038604,0.269678,0.745242,0.126925,3.420825,0.251915,-0.018171,1.681615
6.615299,14.211533,21.842758,38.207329,90.456306,153.976166,0.128605,0.12005,0.117449,0.991696,0.992768,0.993079,-2.950828,19.533478,3.154163,2.71142,29.486084,-27.245945,0.064822,0.051113,0.257575,0.743439,0.060949,3.453671,0.244041,0.026622,1.66388
6.50296,13.797462,21.018829,38.019569,90.048897,153.551697,0.124539,0.113473,0.111048,0.992215,0.993541,0.993815,-3.253021,19.667412,2.347587,3.106775,29.869003,-26.482857,0.057653,0.048183,0.259344,0.736843,0.041633,3.45116,0.247261,0.047572,1.652188
6.402683,13.416763,20.223801,37.859818,89.744019,153.253693,0.120427,0.106883,0.104337,0.992722,0.994272,0.994542,-3.436412,19.826515,1.727993,3.477451,30.213928,-25.781424,0.054177,0.04641,0.262085,0.729176,0.035969,3.440206,0.249482,0.061165,1.641647
5.991055,12.539925,18.901474,37.59613,88.957047,152.35936,0.113496,0.099344,0.097675,0.993538,0.995053,0.995218,-3.756091,19.990845,1.01442,3.881769,30.409454,-25.199738,0.04512,0.048604,0.248584,0.722114,-0.021616,3.426187,0.240213,0.099903,1.623602
5.828514,12.042969,17.968262,37.357418,88.481644,151.875137,0.108323,0.092335,0.090741,0.994116,0.995728,0.995875,-3.905969,20.141449,0.538746,4.270756,30.605682,-24.59831,0.040386,0.046745,0.251051,0.709631,-0.038424,3.400254,0.24018,0.113932,1.611361
5.418468,11.15741,16.616684,37.01775,87.574715,150.918472,0.102152,0.084988,0.083937,0.994769,0.996382,0.996471,-4.150871,20.318596,-0.31688,4.852074,30.53537,-23.870861,0.030232,0.039383,0.235556,0.676856,-0.080934,3.370309,0.226922,0.144563,1.589297
5.213924,10.584839,15.595322,36.726231,87.006432,150.333038,0.096644,0.07794,0.076919,0.995319,0.996958,0.997037,-4.243687,20.456528,-0.828862,5.348883,30.579712,-23.199924,0.025772,0.038745,0.240579,0.656209,-0.097317,3.334137,0.223976,0.154654,1.575653
5.051369,10.102257,14.672684,36.488518,86.573486,149.898804,0.091392,0.070993,0.069759,0.995815,0.997477,0.997564,-4.279068,20.572639,-1.134851,5.758902,30.691223,-22.625784,0.024036,0.03969,0.246076,0.640186,-0.105153,3.301833,0.220957,0.157864,1.563393
4.714947,9.295746,13.386734,36.286045,85.983818,149.308243,0.085628,0.063895,0.062982,0.996327,0.997957,0.998015,-4.374456,20.672089,-2.129209,6.33928,30.592377,-21.652571,0.011159,0.041464,0.247403,0.600539,-0.14148,3.304951,0.208572,0.180301,1.54655
4.490166,8.69503,12.334869,36.094185,85.599388,148.914032,0.079801,0.056796,0.056043,0.996811,0.998386,0.998428,-4.357248,20.740738,-2.747851,6.826636,30.60244,-20.860565,0.006131,0.043634,0.255899,0.573478,-0.16371,3.284139,0.202868,0.185172,1.536831
4.148331,7.83638,10.989105,35.957436,85.202103,148.547668,0.073021,0.049789,0.049715,0.99733,0.99876,0.998763,-4.286956,20.804237,-4.301236,7.436563,30.482262,-19.311428,-0.013373,0.053511,0.285236,0.534556,-0.217659,3.303569,0.188708,0.204748,1.521793
3.889664,7.181175,9.896271,35.887218,84.998932,148.340881,0.066943,0.042922,0.043263,0.997757,0.999078,0.999064,-4.126375,20.829666,-5.273309,7.928429,30.434456,-18.133354,-0.019304,0.057978,0.298607,0.50091,-0.249563,3.301907,0.180473,0.209054,1.517904
3.561428,6.36718,8.62796,35.78334,84.741203,148.123703,0.05958,0.036742,0.037636,0.998223,0.999325,0.999291,-3.974852,20.83548,-7.088698,8.471378,30.237907,-15.881715,-0.038446,0.074086,0.346619,0.470522,-0.308202,3.334968,0.166512,0.226339,1.503367
3.287804,5.708084,7.572906,35.782482,84.64579,148.023575,0.053641,0.030578,0.031962,0.99856,0.999532,0.999489,-3.739662,20.819786,-8.173399,8.899963,30.09565,-14.254066,-0.043542,0.082148,0.362624,0.434614,-0.337468,3.34576,0.156436,0.230625,1.5037
3.056229,5.1381,6.624313,35.791237,84.605751,147.990295,0.048442,0.024719,0.026298,0.998826,0.999694,0.999654,-3.512556,20.802788,-8.810766,9.231036,29.980202,-13.083992,-0.046604,0.087397,0.372282,0.404099,-0.355779,3.350825,0.146866,0.231797,1.503714
2.753452,4.447678,5.55368,35.55283,84.181831,147.560455,0.042285,0.019869,0.021434,0.999106,0.999803,0.99977,-3.373611,20.715019,-10.28204,9.591578,29.660851,-10.759991,-0.063434,0.102905,0.422873,0.386211,-0.400898,3.382985,0.132981,0.238736,1.481289
2.505405,3.86805,4.639313,35.537937,84.073921,147.440186,0.037242,0.014857,0.016608,0.999306,0.99989,0.999862,-3.154427,20.641472,-11.114541,9.86654,29.423805,-9.051387,-0.066766,0.111587,0.436331,0.353455,-0.418576,3.391336,0.12293,0.239588,1.481034
2.14875,3.131622,3.571014,35.322933,83.729141,147.081741,0.03467,0.011533,0.012264,0.999399,0.999934,0.999925,-3.010749,20.479744,-12.60298,10.124336,28.907784,-6.448069,-0.075559,0.119796,0.494951,0.321304,-0.447399,3.423388,0.104799,0.229685,1.460468
1.852989,2.482872,2.609879,35.331013,83.624077,146.953369,0.031028,0.007646,0.007866,0.999518,0.999971,0.999969,-2.775455,20.334602,-13.460365,10.284549,28.515221,-4.399683,-0.078078,0.128652,0.508152,0.277228,-0.461248,3.429147,0.089871,0.221843,1.461758
1.461498,1.725525,1.558426,35.1796,83.388985,146.689728,0.030776,0.005205,0.003665,0.999526,0.999986,0.999993,-2.635588,20.136078,-14.787246,10.403318,27.846962,-1.513405,-0.073457,0.134045,0.572107,0.222304,-0.477385,3.445894,0.066916,0.192222,1.447323
1.128849,1.024643,0.585655,26.810404,47.675446,58.662964,0.028267,0.002125,-0.000711,0.9996,0.999998,1.0,-2.399251,19.985115,-15.576382,10.425332,27.353951,0.954937,-0.07483,0.143868,0.589687,0.162159,-0.488027,3.436263,0.047128,0.172065,1.449908
0.868048,0.866451,0.501305,24.484335,40.968235,46.173473,0.025943,0.001202,-0.00495,0.999663,0.999999,0.999988,-2.650894,19.1688,-15.580102,10.255461,26.192543,4.611161,-0.075294,0.170335,0.594848,0.063973,-0.562302,3.319216,0.021067,0.145306,1.385721
0.757847,0.721909,0.381386,23.490829,38.644558,42.989605,0.021874,-0.00142,-0.008976,0.999761,0.999999,0.99996,-2.705173,18.463722,-14.890658,10.162602,25.311775,7.672236,-0.083563,0.176765,0.568545,0.009236,-0.580709,3.203137,0.010554,0.137492,1.348308
0.84457,0.91893,0.635021,22.784851,37.219673,41.26178,0.017194,-0.00432,-0.012464,0.999852,0.999991,0.999922,-2.934636,17.791168,-14.37039,10.106142,24.269005,11.021018,-0.079381,0.178444,0.575294,-0.029952,-0.575321,3.11172,0.011639,0.132111,1.322232
0.985502,1.127811,0.874466,22.20141,36.041233,39.884087,-0.689306,-0.946934,-0.98641,0.724471,0.321429,0.164305,-3.002248,17.325356,-13.437483,10.133048,23.533989,13.477093,-0.082767,0.173223,0.550488,-0.028996,-0.564027,3.032889,0.019456,0.139507,1.298235
2.880339,2.791727,1.418335,19.390181,30.977001,33.745632,-0.83543,-0.97279,-0.983828,0.549597,0.23169,0.179117,-2.766453,17.452446,-10.118641,11.705544,22.337395,13.976061,-0.065532,0.365801,0.663464,0.466532,-0.548615,3.176966,0.111431,0.173762,1.148679
4.474339,4.957701,3.478203,17.614105,28.031708,30.303856,-0.856216,-0.973671,-0.980015,0.516617,0.227958,0.198924,-2.261259,17.604271,-6.732274,13.830722,21.625412,14.505296,-0.048986,0.37519,0.601324,0.651222,-0.514701,3.02598,0.19627,0.148324,1.045488
5.693053,6.86437,5.535625,16.377937,25.934467,27.859787,-0.855488,-0.970315,-0.975576,0.517823,0.241844,0.219664,-1.978026,17.474197,-3.641358,15.633692,21.093178,14.363452,-0.033225,0.340585,0.530915,0.793779,-0.520472,2.910598,0.267148,0.125103,0.963741
6.699903,8.214661,6.995964,15.506429,24.396751,26.085461,-0.85258,-0.965693,-0.970443,0.522597,0.259684,0.241331,-2.387411,17.661583,-1.656505,17.406042,20.506752,14.194087,-0.00796,0.311956,0.526852,0.925262,-0.535308,2.804257,0.335971,0.077977,0.916059
7.553086,9.529245,8.461119,14.59535,22.780811,24.235466,-0.848184,-0.960461,-0.964717,0.529702,0.278415,0.263288,-2.61095,17.705002,0.417155,18.880236,20.072571,13.775274,0.003109,0.277605,0.491349,1.03462,-0.554609,2.718887,0.389812,0.052547,0.861073
8.278812,10.368345,9.391506,13.900092,21.557436,22.844889,-0.841616,-0.95425,-0.958323,0.540076,0.299009,0.285686,-3.334768,18.153862,1.666576,20.517263,19.702484,13.675747,0.034506,0.237884,0.481806,1.109106,-0.548898,2.612002,0.448347,0.001747,0.828381
8.842033,11.215595,10.34601,13.048151,20.112122,21.231501,-0.836397,-0.948031,-0.951365,0.548124,0.318179,0.308066,-3.689638,18.406967,3.020431,21.809509,19.448059,13.492043,0.042304,0.20574,0.450358,1.172667,-0.551455,2.518443,0.487117,-0.020557,0.777493
9.278926,11.91794,11.158245,12.176898,18.62903,19.577284,-0.830799,-0.941484,-0.943902,0.556572,0.337057,0.330225,-3.866439,18.474472,4.350223,22.80653,19.24498,13.145105,0.046422,0.173096,0.414836,1.228164,-0.550017,2.435551,0.517099,-0.032883,0.725026
9.700652,12.488158,11.889772,11.434204,17.391376,18.198492,-0.818309,-0.933375,-0.936046,0.574779,0.358903,0.351876,-4.686275,18.827515,4.899288,23.839336,19.073303,13.268286,0.083799,0.132564,0.364249,1.228902,-0.526331,2.295951,0.557693,-0.075326,0.693202
9.987865,12.955626,12.456884,10.5849,15.963139,16.625439,-0.811293,-0.925973,-0.927807,0.58464,0.37759,0.373059,-5.135749,18.924393,5.620314,24.603373,18.910423,13.312672,0.090305,0.102625,0.336408,1.250017,-0.513533,2.197265,0.57541,-0.094286,0.646305
10.184572,13.279996,12.85471,9.814686,14.673658,15.20537,-0.80447,-0.918385,-0.919223,0.593994,0.395688,0.393737,-5.382652,18.847481,6.354423,25.171782,18.754349,13.233788,0.093849,0.077758,0.31067,1.267658,-0.499773,2.113301,0.587184,-0.106913,0.603463
10.408012,13.617994,13.341198,9.184074,13.647388,14.076859,-0.788744,-0.909023,-0.910518,0.614721,0.416745,0.413469,-6.266583,18.947174,6.25268,25.811405,18.566452,13.555258,0.127897,0.055462,0.24682,1.212454,-0.466192,1.932175,0.617869,-0.136385,0.585648
10.538934,13.87694,13.679044,8.511028,12.52592,12.851424,-0.780341,-0.900777,-0.901644,0.625354,0.434282,0.43248,-6.789321,18.907776,6.37183,26.213385,18.401489,13.707987,0.132877,0.045108,0.220717,1.209535,-0.448854,1.838853,0.624639,-0.143931,0.551107
10.609192,14.028387,13.879099,7.928852,11.562201,11.796949,-0.772703,-0.892587,-0.892616,0.634768,0.450876,0.450817,-7.091687,18.816681,6.5744,26.467777,18.27742,13.684487,0.135733,0.038513,0.19921,1.209182,-0.436536,1.767825,0.627528,-0.147097,0.519508
10.501158,13.887312,13.824479,7.456248,10.809414,11.020539,-0.7554,-0.882681,-0.883776,0.655264,0.469972,0.467911,-7.920637,18.803093,5.819611,26.748158,18.142067,13.909581,0.16257,0.039851,0.146603,1.105641,-0.40355,1.563004,0.642157,-0.158594,0.516343
10.444853,13.833024,13.796837,6.987068,10.056433,10.217463,-0.746856,-0.874303,-0.874921,0.664986,0.485381,0.484265,-8.350392,18.74958,5.379498,26.885759,18.02549,13.926386,0.164495,0.039222,0.135716,1.087075,-0.386195,1.483685,0.638825,-0.158787,0.492309
10.390804,13.768093,13.7425,6.570048,9.394947,9.508027,-0.739251,-0.866104,-0.866031,0.67343,0.499864,0.499991,-8.552443,18.674324,5.147179,26.965443,17.928505,13.796294,0.164582,0.036317,0.125243,1.076167,-0.375173,1.42771,0.634986,-0.159022,0.468187
9.956917,13.128975,13.135596,6.031104,8.565258,8.699354,-0.725319,-0.85719,-0.85738,0.688413,0.515,0.514684,-9.128932,18.485451,4.037251,27.17725,17.810127,13.792912,0.179874,0.040314,0.090345,0.933006,-0.331611,1.212821,0.632632,-0.155757,0.459738
9.79084,12.879086,12.877956,5.554673,7.850172,7.944156,-0.717846,-0.849153,-0.848744,0.696202,0.528147,0.528804,-9.351329,18.320412,3.404405,27.265381,17.704857,13.542356,0.178305,0.039251,0.084728,0.906258,-0.312276,1.137649,0.622756,-0.152786,0.431995
9.684122,12.722702,12.715912,5.127771,7.205769,7.258422,-0.711052,-0.841243,-0.840097,0.70314,0.540657,0.542437,-9.39794,18.16922,3.087098,27.319578,17.616051,13.16193,0.176658,0.032574,0.075853,0.890602,-0.300577,1.085524,0.615011,-0.15284,0.404195
9.080241,11.827106,11.794644,4.521356,6.475776,6.610521,-0.700279,-0.833047,-0.831753,0.713869,0.553203,0.555147,-9.802404,17.879219,1.924638,27.326408,17.580803,12.697751,0.199825,0.040018,0.045767,0.733669,-0.250313,0.863504,0.601225,-0.149195,0.377457
8.877697,11.526184,11.469971,4.113081,5.931277,6.044408,-0.692906,-0.825189,-0.823492,0.721028,0.564856,0.567328,-9.914298,17.668358,1.285913,27.217953,17.536919,12.138143,0.197052,0.034356,0.045201,0.708747,-0.236692,0.797373,0.588485,-0.148847,0.349802
8.756724,11.359476,11.294157,3.818052,5.532343,5.629972,-0.685835,-0.817414,-0.81531,0.727757,0.576051,0.579025,-9.901294,17.508888,0.961469,27.091404,17.498894,11.584311,0.195171,0.022722,0.040395,0.694806,-0.232127,0.761767,0.578868,-0.150728,0.327137
8.648918,11.216755,11.146403,3.588119,5.223648,5.311466,-0.678816,-0.809689,-0.807221,0.734309,0.586859,0.590249,-9.828987,17.383797,0.784832,26.962027,17.462341,11.061039,0.193335,0.009709,0.036006,0.682109,-0.229784,0.736508,0.569706,-0.153445,0.308014
8.538055,11.069349,10.993913,3.393586,4.965869,5.047159,-0.671925,-0.802048,-0.799237,0.740619,0.597259,0.601016,-9.725236,17.283226,0.672035,26.830509,17.424599,10.569838,0.191065,-0.003509,0.033196,0.669382,-0.228338,0.715487,0.56041,-0.15652,0.291025
7.787198,9.987942,9.85622,3.128515,4.78256,4.991254,-0.661679,-0.793746,-0.791711,0.749788,0.60825,0.610896,-9.926591,17.108406,-0.412581,26.423332,17.398476,9.98748,0.211573,0.01166,0.032777,0.520694,-0.190079,0.53301,0.533427,-0.14842,0.272012
7.509032,9.56452,9.389185,2.956923,4.586261,4.800518,-0.654735,-0.786396,-0.784361,0.755858,0.617723,0.620305,-9.897835,16.990173,-1.045621,26.041025,17.343323,9.433521,0.204083,0.005552,0.04126,0.495527,-0.184508,0.497194,0.515735,-0.147677,0.256477
7.311937,9.266732,9.060982,2.896852,4.536009,4.768003,-0.648656,-0.779416,-0.777157,0.761082,0.626507,0.629307,-9.778634,16.884857,-1.441512,25.761307,17.273071,8.970141,0.201955,-0.004257,0.046772,0.480505,-0.182199,0.487358,0.502964,-0.148049,0.247577
7.124659,9.010037,8.789255,2.758327,4.367377,4.599597,-0.64281,-0.772569,-0.770071,0.766026,0.63493,0.637959,-9.617836,16.787476,-1.675471,25.522152,17.191574,8.496873,0.19691,-0.018121,0.049309,0.464559,-0.181287,0.475177,0.488725,-0.150789,0.232899
6.938503,8.75464,8.518618,2.600014,4.167598,4.393884,-0.637194,-0.76589,-0.763098,0.770703,0.642972,0.646282,-9.421117,16.706451,-1.804448,25.320145,17.103958,8.017408,0.190743,-0.032478,0.052915,0.449873,-0.180688,0.460964,0.474805,-0.154183,0.217626
6.076766,7.593069,7.28679,2.485632,4.082782,4.393795,-0.630001,-0.758416,-0.75654,0.776594,0.651771,0.653947,-9.444944,16.557465,-2.632217,24.715355,17.093506,7.42814,0.209005,-0.008809,0.073913,0.319014,-0.144861,0.316688,0.434516,-0.140262,0.202119
5.688666,7.013036,6.652502,2.37717,3.973096,4.281371,-0.624437,-0.752089,-0.750167,0.781075,0.659061,0.661248,-9.262205,16.419624,-3.144462,24.215933,17.015648,6.882205,0.196765,-0.013489,0.088127,0.295372,-0.134738,0.291423,0.410858,-0.135934,0.190444
5.43052,6.641251,6.252146,2.267926,3.839709,4.139875,-0.619438,-0.746066,-0.743933,0.785046,0.665872,0.668254,-9.018504,16.29718,-3.449261,23.852829,16.925659,6.397778,0.18842,-0.023156,0.095377,0.280596,-0.129291,0.278842,0.393724,-0.135091,0.179526
5.219634,6.348792,5.942514,2.15418,3.68634,3.974281,-0.614687,-0.740236,-0.737829,0.788771,0.672347,0.674987,-8.758892,16.195908,-3.65634,23.591816,16.833038,5.960459,0.182132,-0.032908,0.100011,0.267567,-0.124938,0.268712,0.379437,-0.135114,0.168994
5.031851,6.093524,5.674715,2.040503,3.52668,3.800707,-0.610097,-0.734571,-0.731854,0.792327,0.678532,0.681461,-8.505497,16.115128,-3.822274,23.398043,16.742828,5.555694,0.176656,-0.041818,0.103502,0.255519,-0.121179,0.259225,0.366605,-0.13531,0.15896
4.330954,5.161396,4.67088,2.079864,3.528013,3.841082,-0.605437,-0.728256,-0.726201,0.795893,0.685305,0.687482,-8.480341,16.001778,-4.478993,22.757603,16.742355,5.144464,0.199368,-0.017686,0.133327,0.169823,-0.092959,0.149491,0.332291,-0.124447,0.155255
3.999925,4.653657,4.111394,2.019281,3.452701,3.762455,-0.601234,-0.722853,-0.72069,0.799073,0.691002,0.693257,-8.350563,15.910919,-5.00255,22.292089,16.67569,4.784061,0.193036,-0.01952,0.143317,0.155603,-0.084846,0.134993,0.312906,-0.120322,0.148397
3.790638,4.345938,3.777015,1.901852,3.284572,3.58228,-0.597628,-0.717795,-0.715286,0.801774,0.696254,0.698832,-8.214692,15.840836,-5.391389,21.992836,16.588249,4.43804,0.189772,-0.025812,0.14469,0.146887,-0.080412,0.128102,0.299874,-0.11958,0.138875
3.636899,4.123055,3.53653,1.755249,3.067841,3.348343,-0.594324,-0.712949,-0.709975,0.804226,0.701216,0.704227,-8.100084,15.788315,-5.695584,21.813288,16.490852,4.09005,0.187511,-0.032682,0.143259,0.139706,-0.077557,0.122222,0.289933,-0.120708,0.127989
3.513491,3.945641,3.345822,1.60251,2.838387,3.100192,-0.591155,-0.708233,-0.704753,0.806558,0.705979,0.709453,-8.00698,15.751266,-5.950965,21.713511,16.390579,3.752877,0.185768,-0.039009,0.1407,0.133263,-0.075592,0.116496,0.281841,-0.122468,0.117036
3.409132,3.797863,3.187348,1.45377,2.610016,2.853095,-0.588078,-0.70363,-0.699621,0.808804,0.710566,0.714514,-7.930598,15.723389,-6.171447,21.663603,16.296021,3.436512,0.184782,-0.0443,0.137602,0.127529,-0.074082,0.111047,0.274968,-0.123944,0.106589
3.320542,3.677519,3.059577,1.325345,2.408288,2.634935,-0.584891,-0.699068,-0.694587,0.811112,0.715055,0.719409,-7.866636,15.706078,-6.361467,21.635492,16.214264,3.151435,0.184329,-0.047796,0.135381,0.122866,-0.072935,0.106053,0.268939,-0.124729,0.097539
3.241511,3.573866,2.950696,1.214006,2.228945,2.440807,-0.581672,-0.694573,-0.689655,0.813423,0.719422,0.724138,-7.812594,15.694481,-6.530131,21.614859,16.146393,2.897628,0.184235,-0.050359,0.133555,0.118757,-0.071897,0.101648,0.263404,-0.124897,0.089713
3.168623,3.480844,2.853883,1.116296,2.067657,2.266092,-0.578467,-0.690161,-0.684829,0.815706,0.723655,0.728704,-7.765997,15.685043,-6.684498,21.594641,16.091171,2.671525,0.184373,-0.05234,0.131979,0.114997,-0.070895,0.097798,0.258175,-0.12457,0.082876
2.832492,3.022911,2.332464,1.062582,1.914799,2.133201,-0.575348,-0.684734,-0.680166,0.817909,0.728793,0.733058,-7.954045,15.724228,-7.173785,21.155962,16.038811,2.424866,0.218374,-0.030517,0.156292,0.074338,-0.064704,0.016163,0.245722,-0.120515,0.07252
2.678128,2.787834,2.067844,0.996905,1.798283,2.020473,-0.572681,-0.680465,-0.675604,0.819779,0.73278,0.737265,-8.085575,15.757751,-7.597335,20.86264,15.968567,2.229928,0.220351,-0.024511,0.163573,0.067885,-0.062574,0.007604,0.237226,-0.11887,0.067526
2.57901,2.651367,1.916161,0.929121,1.680848,1.902344,-0.570194,-0.676409,-0.671126,0.82151,0.736526,0.741343,-8.178343,15.776054,-7.933238,20.679409,15.901352,2.091765,0.222078,-0.024249,0.166548,0.06426,-0.061617,0.003866,0.231522,-0.117854,0.063019
2.517364,2.571342,1.8281,0.840149,1.533824,1.746319,-0.567807,-0.672502,-0.666729,0.823161,0.740095,0.7453,-8.262966,15.773018,-8.151779,20.57835,15.849068,1.948776,0.223959,-0.027176,0.165254,0.062679,-0.061487,0.001451,0.228089,-0.117983,0.057806
2.478746,2.524869,1.777388,0.737576,1.367181,1.566363,-0.565502,-0.66872,-0.662409,0.824747,0.743514,0.749142,-8.349244,15.749779,-8.270575,20.536018,15.810013,1.78054,0.225644,-0.032356,0.161509,0.062131,-0.061676,-0.000501,0.225993,-0.118648,0.052024
2.454119,2.501156,1.753072,0.637001,1.203873,1.388483,-0.563132,-0.664994,-0.658169,0.826367,0.746849,0.75287,-8.432087,15.714928,-8.316072,20.527115,15.782097,1.595741,0.227059,-0.037916,0.156778,0.062234,-0.061916,-0.002059,0.224529,-0.119163,0.046373
2.43849,2.492433,1.746612,0.543816,1.052084,1.222123,-0.560658,-0.661306,-0.654012,0.828047,0.750116,0.756484,-8.508585,15.674019,-8.311149,20.533539,15.763374,1.402499,0.228148,-0.043389,0.151675,0.062824,-0.062126,-0.0032,0.223417,-0.119338,0.041158
2.431709,2.499749,1.759252,0.469015,0.92902,1.086715,-0.557927,-0.657596,-0.649947,0.82989,0.753371,0.75998,-8.5759,15.635201,-8.267268,20.538858,15.75399,1.211468,0.228742,-0.048113,0.147302,0.06409,-0.062416,-0.003993,0.222521,-0.119123,0.036951
2.430585,2.517099,1.78421,0.407096,0.826064,0.972789,-0.555038,-0.653903,-0.645977,0.831825,0.756578,0.763357,-8.634548,15.598915,-8.198177,20.537045,15.751953,1.026227,0.228953,-0.052506,0.143253,0.065735,-0.0627,-0.004359,0.221765,-0.118569,0.0335
2.433025,2.540512,1.816687,0.354395,0.737561,0.874277,-0.55206,-0.650252,-0.642105,0.833805,0.759718,0.766617,-8.685385,15.564629,-8.113466,20.52659,15.755379,0.847105,0.228874,-0.056675,0.139334,0.067598,-0.06294,-0.00435,0.221083,-0.117738,0.030588
2.437674,2.567706,1.854058,0.308629,0.659808,0.787229,-0.549023,-0.646652,-0.638332,0.835807,0.762785,0.769761,-8.729051,15.531952,-8.019132,20.507711,15.76281,0.67315,0.228558,-0.06068,0.135523,0.069629,-0.063123,-0.004042,0.220415,-0.116672,0.028074
2.443583,2.596977,1.894169,0.268294,0.590495,0.709258,-0.545954,-0.643111,-0.63466,0.837815,0.765773,0.772792,-8.766317,15.50058,-7.919141,20.48111,15.77314,0.503225,0.228039,-0.06457,0.131784,0.071761,-0.063248,-0.003482,0.21973,-0.115427,0.025866
